书名,出版信息,当前价格,星级,评论数
 机器学习 击败AlphaGo的武林秘籍，赢得人机大战的必由之路：人工智能大牛周志华教授巨著，全面揭开机器学习的奥秘,周志华 /2016-01-01  /清华大学出版社,?66.00,width: 90%;,76149条评论
 机器学习实战【python基础教程指南，python核心编程实例指导，对wxpython数据库充分的讲解，不可错过的编 【图灵程序设计丛书】人工智能开发图书 深度学习实践应用 利用Python阐述机器学习算法 配合日常用例 强劲实战导向 程序员人手常备,[美]哈林顿 /2013-06-01  /人民邮电出版社,?46.30,width: 90%;,25256条评论
 机器学习实战：基于Scikit-Learn和TensorFlow 被称为机器学习图书*强的存在！前谷歌工程师撰写，“美亚”人工智能图书畅销榜首图书！从实践出发，手把手教你从零开始搭建起一个神经网络。,（法）奥雷利安?杰龙（Aurélien Géron） /2018-08-27  /机械工业出版社,?83.30,width: 90%;,5759条评论
 机器学习理论导引 ,周志华 王魏 高尉 张利军 /2020-05-30  /机械工业出版社,?62.30,width: 100%;,783条评论
 机器学习DD原理、算法与应用 全书深入浅出，兼具广度与深度，帮助读者真正掌握机器学习、深度学习的原理与应用,雷明 /2019-09-01  /清华大学出版社,?39.60,width: 90%;,1184条评论
 深度学习 人工智能算法，机器学习奠基之作，AI圣经 AI圣经 deep learning中文版 2018年图灵奖获奖者作品 业内人称“花书” 人工智能机器学习深度学习领域奠基性经典畅销书,[美]Ian Goodfellow（伊恩?古德费洛）、[ /2017-07-01  /人民邮电出版社,?112.60,width: 80%;,55536条评论
 机器学习中的数学 人工智能深度学习技术丛书 一本有趣、好学的机器学习数学基础知识书籍。300+插图，100+示例，50+公式推导，讲故事与实例相结合，学习不枯燥，赠送全书源代码。,孙博 编著 /2019-11-01  /水利水电出版社,?44.50,width: 100%;,1986条评论
 白话机器学习的数学 ,[日]立石贤吾 /2020-06-01  /人民邮电出版社,?41.50,width: 100%;,136条评论
 机器学习线性代数基础：Python语言描述 线性代数是机器学习的基石，本书从5个维度+60段代码+53幅图表+2个项目，帮助你理解线性代数与机器学习紧密结合的核心内容，并以Python语言为工具进行数学思想和解决方案的有效实践。,张雨萌 /2019-08-12  /北京大学出版社,?37.90,width: 100%;,1663条评论
 机器学习（决战大数据时代！IT技术人员不得不读！） ,（美）米歇尔（Mitchell，T.M.） 著；曾华军 等译 /2008-03-01  /机械工业出版社,?24.40,width: 90%;,7744条评论
 Python机器学习基础教程 基于Python3的机器学习入门教程 以机器学习算法实践为重点 使用scikit-learn库从头构建机器学习应用 涵盖模型评估调参方法 交差验证网格搜索 管道概念及文本数据处理方法等内容,[德]安德里亚斯?穆勒（Andreas C. Müller）[美]莎拉?吉多（S /2018-01-01  /人民邮电出版社,?55.70,width: 90%;,5369条评论
 机器学习 教育部计算机教指委-华为ICT产学结合项目：数据科学与大数据技术专业系列规划教材。机器学习基本方法和各种常用算法，提供Python算法与案例，掌握大数据、人工智能、深度学习常用知识,赵卫东 董亮 /2018-07-01  /人民邮电出版社,?57.30,width: 90%;,506条评论
" 机器学习入门到实战DDMATLAB 实践应用 详细对监督学习、无/非监督学习、强化学习三大类常用算法进行逐个讲解，包括机器学习算法原理、算法优缺点、算法的实例解释，以及MATLAB的实践应用,提供完整源码",冷雨泉 张会文 张伟 /2019-02-25  /清华大学出版社,?26.60,width: 100%;,1129条评论
 图解机器学习 机器学习人工智能参考书 提供可执行的MATLAB程序代码 覆盖机器学习中的经典算法 图解TCP/IP 图解网络硬件 图解HTTP 图解密码技术姊妹篇,[日]杉山将 著，许永伟 译 /2015-04-01  /人民邮电出版社,?34.50,width: 90%;,5232条评论
 机器学习测试入门与实践 ,艾辉 /2020-10-01  /人民邮电出版社,?81.40,width: 0%;,0条评论
 漫画机器学习入门 用漫画和故事的方式讲解人工智能，带领读者轻松入门,（日）大关真之（大?v 真之） 著 /2018-11-01  /化学工业出版社,?23.50,width: 100%;,397条评论
 机器学习基础DD原理、算法与实践 机器学习基础，精挑细选机器学习的常用算法，扫清数学基础弱和编程实践难两大障碍，帮助初学者快速入门。专设QQ群，提供学习辅导和资源下载。,袁梅宇 /2018-08-10  /清华大学出版社,?67.10,width: 100%;,296条评论
 机器学习基础 机器学习领域的里程碑式著作，MIT Press出版,梅尔亚?莫里（Mehryar Mohri） 著 /2019-05-01  /机械工业出版社,?69.20,width: 100%;,299条评论
 机器学习精讲 全彩印刷 机器学习原理算法与应用教程 精简机器学习入门手册 美亚机器学习深度学习畅销书 全彩印刷 扫描书中二维码可阅读补充内容 人工智能和机器学习领域众多知名专家推荐,[加拿大] 安德烈?布可夫（Andriy Burkov） /2020-01-01  /人民邮电出版社,?34.50,width: 100%;,408条评论
 机器学习算法（原书第2版） 使机器学习算法通过Python实现真正“落地”的书，侧重于介绍如何在Python环境下使用机器学习方法库，并通过大量实例清晰形象地展示了不同场景下机器学习方法的应用，助你夯实基础。,[意] 朱塞佩?博纳科尔索（Giuseppe Bonaccorso） /2020-04-01  /机械工业出版社,?68.30,width: 100%;,151条评论
 实用机器学习 央视推荐！用Python从实战角度剖析机器学习，含有3个真实应用案例，不含难懂的数学公式和推导,"Henrik Brink, Joseph W. Richards, Mark Fetherolf /2017-06-06  /机械工业出版社",?54.50,width: 90%;,891条评论
 深入浅出Python机器学习 人工智能火了，只要你有一些程序设计语言的基础，跟随本书你也能进入人工智能和机器学习的世界，成为一名人工智能应用的开发者,段小手 /2018-07-14  /清华大学出版社,?31.10,width: 100%;,1882条评论
 机器学习入门之道 机器学习商业应用指南 人工智能入门教程 数据科学参考书 代码基于python,[日]中井悦司 /2018-05-01  /人民邮电出版社,?35.40,width: 100%;,699条评论
 机器学习：算法背后的理论与优化 深入浅出地阐述了经典机器学习技术背后的优化数学模型和求解算法,史春奇、卜晶?t、施智平 /2019-06-04  /清华大学出版社,?31.10,width: 100%;,503条评论
 机器学习与R语言（原书第2版） 涵盖机器学习核心算法，包含大量的实际案例，详尽的分析步骤，Amazon广泛好评,（美）布雷特?兰茨（Brett Lantz） /2017-03-14  /机械工业出版社,?48.20,width: 100%;,692条评论
 机器学习与安全 为解决一系列安全问题提供了一个机器学习算法工具箱,Clarence Chio，David Freeman /2019-08-20  /中国电力出版社,?44.00,width: 100%;,215条评论
 自动机器学习入门与实践：使用Python 写给程序员看的机器学习入门宝典,西班扬?达斯，乌米特?卡卡马克 /2019-12-30  /华中科技大学出版社,?36.40,width: 100%;,35条评论
 机器学习应用系统设计 ,[日]有贺康??，[日]中山心太，[日]西林孝 /2018-12-19  /中国电力出版社,?34.00,width: 100%;,170条评论
 TensorFlow机器学习 ,[美] 尼山特?舒克拉（Nishant Shukla） /2019-11-11  /机械工业出版社,?54.50,width: 100%;,143条评论
 R语言统计分析与机器学习（微课视频版） 手机扫码看视频讲解，精选大型实战案例，将知识点嵌入实际操作，可视化分析方法帮助理解，赠配套视频源文件及源程序代码下载。,薛震 孙玉林 著 /2020-02-01  /水利水电出版社,?79.00,width: 100%;,200条评论
 百面机器学习 算法工程师带你去面试 人工智能时代不可不读机器学习面试宝典 全面收录100+真实算法面试题 互联网头部企业都在用 直通人工智能领域 微软副总裁沈向洋 浪潮之巅 数学之美作者吴军 计算广告作者刘鹏 联袂推荐 全彩印刷,诸葛越 葫芦娃 /2018-08-01  /人民邮电出版社,?61.40,width: 90%;,5960条评论
 机器学习与深度学习算法基础 从算法原理、算法思维到公式再到代码实战，图解13种经典机器学习算法+4种深度学习模型，不仅告诉你是什么，还告诉你为什么，以及怎么用！,贾壮 /2020-08-10  /北京大学出版社,?61.40,width: 100%;,106条评论
 机器学习：使用OpenCV和Python进行智能图像处理 基于OpenCV和Python的机器学习实战手册，基础知识与具体实例相结合，并提供大量实例代码，帮你掌握机器学习实用技巧，解决各种不同的机器学习和图像处理问题。,[美]迈克尔?贝耶勒（Michael Beyeler） /2018-11-15  /机械工业出版社,?48.20,width: 90%;,1788条评论
 白话机器学习算法 机器学习算法工程师入门教程 算法及数据科学入门图书 涵盖回归分析 神经网络 决策树 A/B测试等 列为斯坦福大学大数据基础课程教材,[新加坡] 黄莉婷 苏川集 /2019-02-01  /人民邮电出版社,?34.50,width: 80%;,402条评论
 机器学习及其应用 全景式呈现机器学习领域的基础理论，以及将这些技术应用于实际问题的有效方法，提供自学项目和数据集,[印]M. 戈帕尔（M. Gopal） /2020-05-28  /机械工业出版社,?104.20,width: 0%;,4条评论
 机器学习案例实战 机器学习原理与产学合作企业真实案例结合的实践指导书,赵卫东 /2019-09-01  /人民邮电出版社,?29.90,width: 100%;,365条评论
 机器学习：算法视角（原书第2版） CRC Press机器学习领域畅销教材 知名媒体推荐的十大机器学习入门教材之一。 新西兰惠灵顿维多利亚大学数学与统计学院史蒂芬?马斯兰教授所著 南京大学计算机科学与技术系高阳教授、商琳副教授联袂翻译。,[新西兰] 史蒂芬?马斯兰（Stephen Marsland） /2019-04-20  /机械工业出版社,?69.20,width: 100%;,1223条评论
 R语言机器学习（原书第2版） 机器学习技术综合指南，全面、系统阐述机器学习技术发展全貌,（印）卡西克?拉玛苏布兰马尼安，（印）阿布舍克?辛格著 吴今朝译 /2019-11-25  /机械工业出版社,?82.10,width: 100%;,122条评论
 机器学习入门：基于数学原理的Python实战 机器学习启蒙*书,"戴璞微,潘斌 /2019-12-30  /北京大学出版社",?53.40,width: 80%;,339条评论
 精通机器学习 基于R 第2版 【图灵程序设计丛书】机器学习与数据分析技巧参考教程 R语言开发机器学习实战指南 附赠大量实用代码,[美]考瑞?莱斯米斯特尔 /2018-03-01  /人民邮电出版社,?48.60,width: 90%;,289条评论
 机器学习中的基本算法 ,范丽亚 /2020-06-01  /科学出版社,?60.70,width: 100%;,8条评论
 突围算法：机器学习算法应用 对比讲解各模型优缺点+适用场景+具体案例，帮助读者根据场景找到适合的模型和算法,刘凡平 /2020-08-01  /电子工业出版社,?39.50,width: 0%;,16条评论
 机器学习：基于OpenCV和Python的智能图像处理 由浅入深、循序渐进的原则编写，并与大量实例相结合，使读者可以边学边练，从而提高学习的兴趣与效率,高敬鹏 赵娜 江志烨 /2020-05-25  /机械工业出版社,?55.20,width: 90%;,44条评论
" 机器学习开发者指南 《TensorFlow机器学习项目实战》作者撰写，全面切合机器学习算法要点,帮助读者真正掌握深度学习的原理及开发",[阿根廷]鲁道夫?邦宁（Rodolfo Bonnin） /2020-05-01  /人民邮电出版社,?26.30,width: 100%;,40条评论
 机器学习基础 面向预测数据分析的算法 实用范例与案例研究 阐述机器学习本质，并结合工业界案例分析以及优秀实践展示如何应用机器学习方法来解决预测数据分析问题。,[爱尔兰] 约翰?D.凯莱赫（John D. Kelleher） 布莱恩?马克?纳 /2020-05-06  /机械工业出版社,?78.20,width: 100%;,61条评论
 Python机器学习及实践 通过实例讲述Python机器学习的理论、方法及关键技术实现，书中给出80多个实例，机器学习零基础者也可以快速上手,梁佩莹 /2020-05-01  /清华大学出版社,?39.50,width: 0%;,43条评论
 机器学习中的数学修炼 步步为营，砥砺机器学习中的数学基础 循序渐进，知其然更要注重知其所以然。 全面详实，抽象理论与应用实践相结合 拨云开雾，点破公式背后的奥秘与玄机,左飞 /2020-07-01  /清华大学出版社,?44.50,width: 0%;,26条评论
 机器学习与人工智能 ,张举华 /2020-06-01  /科学出版社,?54.80,width: 0%;,6条评论
 大话Python机器学习 20多个案例，5000+行代码实例，原理理解与现实应用，趣味案例更易学！Python机器学习入门/实战/算法/算法思维/人工智能，附赠全书源代码。,张居营 /2019-06-01  /水利水电出版社,?44.50,width: 100%;,995条评论
 机器学习导论(原书第3版) *适合入门学习的机器学习教程，让你全面掌握机器学习的方法和技术。,(土)埃塞姆 阿培丁（Ethem Alpaydin） /2016-01-08  /机械工业出版社,?55.20,width: 100%;,1793条评论
 终极算法：机器学习和人工智能如何重塑世界 比尔?盖茨年度荐书！近20年人工智能领域*轰动的著作！沃尔特?艾萨克森、车品觉、曹欢欢联袂推荐！,佩德罗?多明戈斯 /2016-12-30  /中信出版社,?51.00,width: 90%;,14063条评论
 机器学习与应用 全面系统地讲述机器学习算法与理论，论证推导详细，深入浅出。并配以算法使用实验代码，知名库源代码分析，以及实际应用介绍,雷明 /2018-12-29  /清华大学出版社,?62.10,width: 100%;,871条评论
 Python机器学习手册：从数据预处理到深度学习 ,（美）Chris Albon（克里斯?阿尔本） /2019-07-01  /电子工业出版社,?39.60,width: 90%;,1739条评论
 文本机器学习 自动化技术 计算机技术 机器学习 深度学习 神经网络 知识共享 迁移学习 文本分析 信息检索 推荐系统 自然语言处理 人工智能 特征工程 文本挖掘 数据分析 数据挖掘,[美]查鲁?C.阿加沃尔（Charu C.Aggarwal） /2020-05-25  /机械工业出版社,?101.90,width: 100%;,46条评论
 Python机器学习 给新手扫清障碍，先讲解底层技术，然后引导读者学习更高级的机器学习技巧。,[新加坡] 李伟梦（Wei-Meng Lee）著 李周芳 译 /2020-06-01  /清华大学出版社,?30.60,width: 0%;,4条评论
 机器学习算法的数学解析与Python实现 有趣、易懂、不枯燥，看得懂、学得会的机器学习入门书。全书用白话讲解，帮你从生活案例中理解算法，发现算法的乐趣，再把算法应用到机器学习中，让你零基础掌握算法精髓，快速进入人工智能开发领域。,莫凡 /2019-12-20  /机械工业出版社,?62.20,width: 100%;,277条评论
 R语言机器学习 第3版（影印版） ,Brett Lantz 著 /2020-08-01  /东南大学出版社,?81.40,width: 0%;,0条评论
 机器学习基础教程 ,姚舜才 /2020-04-01  /西安电子科技大学出版社,?28.40,width: 0%;,19条评论
 机器学习算法导论 “十三五”国家重点图书。从理论基础和实际应用两个层面全面掌握机器学习的算法核心技术,王磊、王晓东 /2019-06-11  /清华大学出版社,?59.90,width: 100%;,100条评论
 人工智能：机器学习理论与方法 ,李侃 /2020-08-01  /电子工业出版社,?61.40,width: 100%;,1条评论
 Web安全之机器学习入门 机器学习在信息安全领域的应用,刘焱 /2017-08-25  /机械工业出版社,?55.20,width: 100%;,533条评论
 机器学习基础 ,本社 /2018-10-01  /清华大学出版社,?29.80,width: 100%;,67条评论
 Python机器学习（原书第2版） 硅谷热门技术图书，好评如潮，Python机器学习入门*,（美）塞巴斯蒂安?拉施卡（Sebastian Raschka），瓦希德?米 /2018-11-23  /机械工业出版社,?70.30,width: 90%;,970条评论
 MATLAB机器学习：人工智能工程实践（原书第2版） 真正把MATLAB内在优势和和机器学习紧密结合的著作，源码完整，由浅入深，帮你解决具体工程问题。在前版基础上，进一步增加了对神经网络和深度学习的原理介绍及其工程应用的实践。,[美]迈克尔?帕拉斯泽克（Michael Paluszek）斯蒂芬妮?托马斯 /2020-03-20  /机械工业出版社,?61.40,width: 100%;,236条评论
 Python机器学习和图像处理实战 面部识别、目标检测和模式识别 帮助读者深入了解基于Python实现的机器学习与神经网络之上的图像处理方法与算法，多种库的应用和实时用例的机器学习实现。,[印]希曼舒?辛格(Himanshu Singh) 著，骆铃 译 /2019-12-08  /清华大学出版社,?34.90,width: 80%;,296条评论
 Python机器学习实战案例 典型案例：利用典型的案例，深入浅出，方便理解 实战性强：结合具体的企业应用案例，详细解析项目思路 内容具体：给出详细的Python实现代码、数据以及对应的分析,赵卫东 董亮 /2019-12-01  /清华大学出版社,?19.50,width: 100%;,101条评论
 美团机器学习实践 人工智能机器学习算法落地实践指南 内容涵盖搜索 推荐 风控 计算广告 图像处理等领域 展示美团技术底蕴 系统阐述大型互联网公司机器学习真实场景实践,美团算法团队 /2018-08-01  /人民邮电出版社,?55.60,width: 90%;,1957条评论
 机器学习实践指南 机器学习实战,［英］阿图尔?特里帕蒂 /2017-03-30  /机械工业出版社,?62.40,width: 100%;,53条评论
 机器学习基础 建模与问题求解 ,[韩] 金升渊，[韩] 郑容朱 /2020-07-01  /人民邮电出版社,?47.60,width: 0%;,34条评论
 机器学习算法与应用（微课视频版） 40个综合实例+200分钟微课视频，详述对机器学习算法的嵌入式应用及在ARM和FPGA平台的并行加速实现,杨云、段宗涛 /2020-07-01  /清华大学出版社,?39.50,width: 0%;,1条评论
 对抗机器学习 聚焦安全机器学习：复盘现有的攻击方式，包含垃圾邮件、隐私泄露等实际案例，揭示深度学习系统面临的新漏洞,[美] 安东尼?D. 约瑟夫（Anthony D. Joseph） 布莱恩?尼尔森 /2020-08-20  /机械工业出版社,?77.60,width: 0%;,0条评论
 机器学习导论（原书第2版） Springer人工智能三大重点导论之一，全新修订，浅显易懂，速学入门实战基础人工智能书籍入门深度学习人工神经网络决策树遗传算法集成学习多标签学习无监督学习书籍图书,米罗斯拉夫.库巴特 /2018-10-10  /机械工业出版社,?62.40,width: 100%;,125条评论
 MATLAB机器学习 ,[意]朱塞佩?恰布罗(Giuseppe Ciaburro) /2020-05-01  /人民邮电出版社,?34.50,width: 100%;,102条评论
 Python编程从数据分析到机器学习实践（微课视频版） 手机扫码看608分钟同步视频讲解+全书源代码+PPT课件+习题实验，Python3.7编程进阶图书，人工智能、机器学习、数据处理、科学计算、云开发、网络爬虫,刘瑜 著 /2020-02-01  /水利水电出版社,?49.90,width: 80%;,400条评论
 机器学习基础：从入门到求职 根据知名企业算法岗的面试经验，从学习笔记中提炼而成。可以带你快速入门并应用机器学习，手推算法模型原理，走近机器学习求职的起点。,胡欢武 /2019-03-01  /电子工业出版社,?39.60,width: 90%;,502条评论
 人工智能与机器学习（21世纪通识教育系列教材） ,王秋月 覃雄派 赵素云 张静 /2020-01-02  /中国人民大学出版社,?29.80,width: 60%;,72条评论
 Python机器学习算法: 原理、实现与案例 算法原理、数学推导、代码实现、项目实战写给初学者的机器学习算法入门书,刘硕 /2019-11-01  /清华大学出版社,?31.10,width: 100%;,167条评论
 R语言机器学习：实用案例分析 本书将带你踏上数据驱动的旅程，帮助你理解R语言和机器学习的基础知识，建立你自己的动态算法来成功地处理复杂的现实世界问题,"[印]拉格哈夫?巴利（Raghav Bali）,迪潘简?撒卡尔 /2017-06-08  /机械工业出版社",?46.60,width: 100%;,121条评论
 机器学习从入门到入职DD用sklearn与keras搭建人工智能模型 ,张威 /2020-01-01  /电子工业出版社,?78.20,width: 80%;,127条评论
 机器学习：基于约束的方法 深度学习“花书”作者、图领奖得主Yoshua Bengio推荐！本书从全新的视角诠释了机器学习的基本模型和算法，重点讨论了当前的两项研究热点：神经网络和核方法,[意大利]马可?戈里（Marco Gori） /2020-08-20  /机械工业出版社,?99.20,width: 0%;,0条评论
 机器学习：贝叶斯和优化方法（英文版） 畅读原版机器学习经典著作，在全景式知识体系中融会传统与创新算法,（希）西格尔斯?西奥多里蒂斯 /2017-05-22  /机械工业出版社,?212.50,width: 100%;,382条评论
 机器学习系统 Cloudera 公司的数据科学主管Sean Owen作序推荐！一本介绍介绍机器学习、反应式系统和反应式机器学习，使用Scala、Spark 和Akka构建大规模机器学习系统的实用指南。,[美]杰夫?史密斯(Jeff Smith) 著；潘海为，张春新 译 /2019-09-01  /清华大学出版社,?26.90,width: 100%;,119条评论
 基于机器学习的数据缺失值填补：理论与方法 资深专家多年研究和实践经验，创新性提出基于神经网络和TS模型的填补方法，大幅提升缺失值填补效率,赖晓晨 张立勇 刘辉 吴霞 /2020-09-10  /机械工业出版社,?54.50,width: 0%;,0条评论
 视觉机器学习20讲 12位博士集体智慧的结晶，理论与实践**结合,谢剑斌 等编著 /2015-06-01  /清华大学出版社,?22.10,width: 90%;,835条评论
 Julia机器学习核心编程：人人可用的高性能科学计算 ,朱红庆 /2019-09-01  /电子工业出版社,?70.30,width: 80%;,84条评论
 机器学习的数学理论 涵盖机器学习的各种数学理论，面向专业人士,[中] 史斌（Bin Shi） [美] S.S.艾扬格（S.S.Iyengar） /2020-08-03  /机械工业出版社,?47.60,width: 0%;,5条评论
 分布式机器学习：算法、理论与实践 微软亚洲研究院机器学习研究团队所著，刘铁岩博士领衔撰写！全面阐述分布式机器学习算法、理论及实践的著作。全彩印刷！人工智能大牛周志华教授倾情推荐！联邦学习进阶必读！,刘铁岩 陈薇 王太峰 高飞 /2018-10-11  /机械工业出版社,?62.20,width: 100%;,1528条评论
 对抗机器学习：机器学习系统中的攻击和防御 讨论机器学习中的安全性问题，即讨论各种干扰机器学习系统输出正确结果的攻击方法以及对应的防御方法。,"[美]叶夫提尼?沃罗见琴科（Yevgeniy Vorobeychik）,穆拉特 /2019-12-12  /机械工业出版社",?48.20,width: 100%;,143条评论
 TensorFlow机器学习实战指南（原书第2版） 资深数据科学家撰写，从实战角度系统讲解TensorFlow基本概念及各种应用实践 真实的应用场景和数据，丰富的代码实例，详尽的操作步骤，为你深度实践TensorFlow提供翔实指导,[美] 尼克?麦克卢尔（Nick McClure） /2019-07-25  /机械工业出版社,?62.20,width: 90%;,137条评论
 终身机器学习（原书第2版） ACM、AAAI和IEEE会士、伊利诺伊大学芝加哥分校刘兵教授和谷歌年轻研究员陈志源合作的全新力作。介绍持续学习这种高级机器学习范式的重要研究成果和新思想,[美]陈志源 刘兵 著 陈健 译 /2019-08-14  /机械工业出版社,?62.40,width: 100%;,234条评论
 机器学习即服务：将Python机器学习创意快速转变为云端Web应用程序 谷歌云和Salesforce*合作伙伴SpringML数据科学副总裁领衔撰写，讲述如何将机器学习创意快速转变为云端应用程序。,[美]曼纽尔?阿米纳特吉（Manuel Amunategui）迈赫迪?洛佩伊 /2019-06-13  /机械工业出版社,?69.20,width: 100%;,118条评论
 Python机器学习核心算法编程实例 ,丁伟雄 /2020-01-01  /电子工业出版社,?61.60,width: 0%;,86条评论
 机器学习精讲：基础、算法及应用 ,[美] 杰瑞米?瓦特， 雷萨?博哈尼， 阿格洛斯?K.卡萨格罗斯 /2018-11-01  /机械工业出版社,?54.50,width: 90%;,451条评论
 机器学习实践：数据科学应用与工作流的开发及优化 这本实用书籍同时介绍了机器学习和数据科学，填补了数据科学家和工程师之间的空白,"[美]安德鲁?凯莱赫（Andrew Kelleher）,亚当?凯莱赫（Adam K /2020-04-21  /机械工业出版社",?69.20,width: 100%;,29条评论
 机器学习互联网业务安全实践 ,王帅 /2019-09-01  /电子工业出版社,?101.10,width: 90%;,117条评论
 机器学习的PAC-Bayes理论评价及应用 ,汤莉 /2019-09-01  /西安电子科技大学出版社,?33.70,width: 0%;,16条评论
 从机器学习到无人驾驶 以机器学习为出发点，结合深度神经网络算法和强化学习算法详细介绍自动驾驶模块的开发方法,宋哲贤 /2020-05-01  /清华大学出版社,?49.50,width: 0%;,39条评论
 机器学习实战：基于Sophon平台的机器学习理论与实践 星环科技人工智能平台团队实战总结，机器学习的实战书籍，既能了解人工智能相关的算法原理，也能结合可落地的具体应用场景进行实战。,星环科技人工智能平台团队 编著 /2019-12-10  /机械工业出版社,?55.20,width: 100%;,32条评论
 R语言机器学习 第2版（影印版） ,(美)布雷特?兰茨 /2017-04-01  /东南大学出版社,?68.70,width: 0%;,40条评论
 统计机器学习导论（英文版） 统计机器学习导论（英文版）,[日]杉山将（Masashi Sugiyama） /2018-01-12  /机械工业出版社,?101.20,width: 100%;,77条评论
 GO语言机器学习实战 简化机器学习难度，深入GO语言应用,[澳]周轩逸（Xuanyi Chew） /2020-04-10  /机械工业出版社,?62.40,width: 100%;,98条评论
 机器学习算法框架实战：Java和Python实现 以一个自研机器学习算法框架的构建为主线，首先介绍了机器学习算法的实践,麦嘉铭 /2020-07-16  /机械工业出版社,?47.60,width: 0%;,114条评论
 Keras深度学习 人工智能机器学习技术丛书 一本书从Python编程入门到Keras深度学习实战。300余张插图、26000余行代码、10种常用Python数据结构，5种主流数据分析工具，5个综合实战案例，赠全书源代码,鲁睿元 祝继华 编著 /2019-11-01  /水利水电出版社,?44.50,width: 100%;,323条评论
 快乐机器学习 ,王圣元 /2020-01-01  /电子工业出版社,?53.00,width: 100%;,352条评论
 基于机器学习的精准扶贫问题分析与对策 ,刘辉 刘阳 张冉 /2020-08-17  /科学技术文献出版社,?27.00,width: 0%;,0条评论
 统计机器学习导论 日本机器学习领军人物杉山将的著作，基础知识全面，,［日］ 杉山将 /2018-05-05  /机械工业出版社,?70.30,width: 100%;,323条评论
 机器学习算法实践DD推荐系统的协同过滤理论及其应用 本书提出一系列改进协同过滤推荐质量的方法，并将相关算法应用于实际，意义非凡！,王建芳 /2018-11-01  /清华大学出版社,?31.10,width: 100%;,299条评论
 Spark机器学习实战 提供Apache Spark机器学习API的全面解决方案，步骤清晰，讲解细致，帮助读者学习实用的机器学习算法，并用Spark快速动手实践,[美]西亚玛克?阿米尔霍吉（Siamak Amirghodsi） /2020-09-01  /人民邮电出版社,?88.30,width: 0%;,0条评论
 阿里云天池大赛赛题解析DD机器学习篇（算法竞赛之利器） 揭开人工智能算法的神秘面纱，透析大赛专业选手的解题思路。中国工程院院士戴琼海、阿里巴巴副总裁贾扬清等倾力推荐！,天池平台 /2020-09-01  /电子工业出版社,?54.50,width: 0%;,0条评论
 从机器学习到深度学习：基于scikit-learn与TensorFlow的高效开发实战 场景式学习，全面覆盖机器学习深度学习强化学习深度强化学习及模型的迁移学习，没有机器学习专业基础也能够上手设计与开发机器学习产品，内容全面，深入浅出，工具多样，案例丰富，授人以渔,刘长龙 /2019-03-01  /电子工业出版社,?44.10,width: 90%;,432条评论
 机器学习及其应用 运用朴实的语言，在每个章节穿插相应的应用实例,汪荣贵 杨娟 薛丽霞 /2019-08-26  /机械工业出版社,?75.70,width: 100%;,34条评论
 机器学习：Go语言实现 111,（美）丹尼尔?怀特纳克（Daniel Whitenack） /2018-11-05  /机械工业出版社,?46.60,width: 100%;,140条评论
 机器学习与深度学习：通过C语言模拟 机器学习的入门指南,小高知宏 /2018-06-29  /机械工业出版社,?46.60,width: 90%;,211条评论
 机器学习实践应用 人工智能触手可及 让数据起舞 用算法扩展业务边界 阿里机器学习专家力作 实战经验分享,李博 /2017-06-01  /人民邮电出版社,?46.30,width: 90%;,659条评论
 机器学习在线：解析阿里云机器学习平台 ,杨旭 著 /2017-08-01  /电子工业出版社,?62.40,width: 90%;,629条评论
 机器学习与大数据技术 结合机器学习、大数据、深度学习、图形图像处理、人工智能、Python，结合实际应用,牟少敏 /2018-08-01  /人民邮电出版社,?35.00,width: 90%;,72条评论
 机器学习与R语言(机器学习领域专家著作 核心理论与实践案例结合 全面介绍多种重要的机器学习算法和案例分析) ,（美）兰兹 著，李洪成，许金炜，李舰 译 /2015-03-01  /机械工业出版社,?54.50,width: 100%;,913条评论
 SQL机器学习库MADlib技术解析 掌握MADlib，使用SQL快速实现机器学习,王雪迎 /2019-01-14  /清华大学出版社,?35.60,width: 100%;,61条评论
 构建机器学习应用（影印版） ,[法] 伊曼纽尔?阿米森 著 /2020-08-01  /东南大学出版社,?61.40,width: 0%;,0条评论
 机器学习及应用（在线实验+在线自测） ,李克清 时允田 /2019-05-01  /人民邮电出版社,?47.70,width: 100%;,24条评论
 基于R语言的机器学习 ,[美]斯科特（Scott V. Burger） /2018-12-12  /中国电力出版社,?29.00,width: 90%;,350条评论
 量子机器学习中数据挖掘的量子计算方法 ,"[加]彼得?维特克（Peter,Wittek） 著; 张毅，王璐璐 译 /2019-12-01  /哈尔滨工业大学出版社",?59.20,width: 0%;,39条评论
 机器视觉与机器学习 算法原理 框架应用与代码实现 让机器能像人一样“看懂”图像，理解图像中的含义，解决人工智能领域关键问题,宋丽梅 朱新军 编著 /2020-06-12  /机械工业出版社,?81.40,width: 100%;,43条评论
 利用机器学习开发算法交易系统 机器学习 算法交易 利用数学理论 创建预测模型 处理数据 从数据爬取到系统构建实操 提供易于掌握的学习指南,[韩]安明浩 /2019-05-01  /人民邮电出版社,?34.50,width: 100%;,162条评论
 多智能体机器学习：强化学习方法 多智能体机器学习，适合学习和实践的著作,（加）霍华德M施瓦兹 /2017-07-10  /机械工业出版社,?54.50,width: 80%;,731条评论
 机器学习方法在电磁逆散射问题中的应用研究 ,张清河 /2019-06-01  /科学出版社,?99.50,width: 100%;,30条评论
 PySpark机器学习、自然语言处理与推荐系统 介绍如何使用PySpark的机器学习库构建和训练各种机器学习模型。使用相关的PySpark组件，进行数据获取、数据处理和数据分析，开发数据驱动的智能应用。,[印]普拉莫德?辛格(Pramod Singh)著 蒲成 译 /2019-12-18  /清华大学出版社,?26.60,width: 100%;,218条评论
 机器学习DDPython实践 以实践为导向，使用 scikit-learn 作为编程框架，强调简单、快速地建立模型，解决实际项目问题,魏贞原 /2018-01-01  /电子工业出版社,?46.60,width: 90%;,1230条评论
 机器学习与安全（影印版） ,克拉伦斯奇奥 著 /2018-11-01  /东南大学出版社,?78.20,width: 100%;,37条评论
 Python机器学习算法与应用 以案例为导向，实践与理论相结合的机器学习,邓立国 /2020-05-01  /清华大学出版社,?31.10,width: 0%;,11条评论
 生物群智计算与机器学习 生物群智计算与机器学习是一门涉及仿生学、数学、计算机科学、生命科学、心理学、控制科学、智能科学、系统科学和社会学等的交叉性学科。本书不仅介绍了生物群智计算*基础、*核心的理论与方法，还有针对性地介绍了,朱云龙、陈瀚宁、申海、张浩 /2020-07-01  /清华大学出版社,?39.50,width: 0%;,9条评论
 Python机器学习一本通 ,"杨志晓,范艳峰 /2020-09-01  /北京大学出版社",?102.10,width: 100%;,1条评论
 机器学习 被誉为内容全面的机器学习教程 Machine Learning期刊主编力作,[英] 弗拉赫（Peter Flach） /2016-01-01  /人民邮电出版社,?55.60,width: 90%;,2574条评论
 机器学习系统设计：Python语言实现 ,[美] 戴维?朱利安（David Julian） /2017-06-05  /机械工业出版社,?41.20,width: 80%;,268条评论
 机器学习视角的结构健康监测 ,（美）Charles R. Farrar等著；单德山等译 /2019-03-01  /科学出版社,?130.40,width: 100%;,46条评论
 Python机器学习及实践---- 从零开始通往Kaggle竞赛之路 ,范淼、李超 /2016-10-01  /清华大学出版社,?22.10,width: 90%;,1377条评论
 机器学习经典算法剖析 基于OpenCV OpenCV算法精解 人工智能计算机视觉机器学习算法教程 十大算法全涵盖 夯实机器学习数学基础,赵春江 /2018-08-01  /人民邮电出版社,?46.30,width: 100%;,379条评论
 数据流机器学习：MOA实例 精彩地介绍数据流分析，并使用免费开源软件框架MOA展示*前沿方法。,阿尔伯特?比费特，理查德?戈华达，杰弗里?福尔摩斯，伯恩哈德?普法林格 /2019-12-09  /机械工业出版社,?54.50,width: 100%;,58条评论
 面向金融的机器学习（影印版） ,Jannes Klaas著 /2020-08-01  /东南大学出版社,?78.60,width: 0%;,0条评论
 机器学习及其应用（英文版） ,（印）M. Gopal（M. 戈帕尔） /2019-12-01  /电子工业出版社,?123.50,width: 100%;,6条评论
 大话数据科学DD大数据与机器学习实战（基于R语言） 多图多思想，缜密学习思维导图，全套学习课件，全彩印刷、卓越体验。学习数据科学，看陈文贤老师的就对了。,陈文贤 /2020-07-01  /清华大学出版社,?64.00,width: 100%;,21条评论
 机器学习及其应用2019 ,于剑、封举富、张敏灵、俞扬 /2019-12-01  /清华大学出版社,?54.50,width: 100%;,56条评论
 机器学习：实用案例解析（机器学习和数据挖掘领域的经典图书基础理论与实践完美的结合） ,(美)康威 /2013-04-01  /机械工业出版社,?54.50,width: 90%;,1677条评论
 Scala机器学习：构建现实世界机器学习和深度学习项目 ,[德]雷祖尔?卡里姆（Md. Rezaul Karim） /2019-10-18  /机械工业出版社,?78.20,width: 100%;,102条评论
 Python无监督机器学习最佳实践 探讨Python环境下的无监督机器学习。,[美]本杰明?约翰斯顿 等著 唐盛 译 /2020-07-01  /清华大学出版社,?89.00,width: 0%;,0条评论
 应用机器学习方法度量在线品牌忠诚度模型构建研究 思源文库,赵玮 /2017-07-01  /北京交通大学出版社,?50.60,width: 0%;,11条评论
 AI制胜：机器学习极简入门 无需高深的数学基础也能上手 每个算法都配有案例,宋立桓 /2020-07-01  /清华大学出版社,?24.50,width: 0%;,6条评论
 机器学习vs复杂系统 ,许铁 /2018-07-01  /电子工业出版社,?40.70,width: 100%;,180条评论
 机器学习与优化 机器学习实战教程 摒弃复杂的公式推导 从实践上手机器学习 人工智能领域先驱、IEEE会士巴蒂蒂教授领导的LION实验室多年机器学习经验总结,[意] 罗伯托?巴蒂蒂（Roberto Battiti） ，毛罗?布鲁纳托（Mauro Brunato） /2018-05-01  /人民邮电出版社,?62.70,width: 100%;,403条评论
 机器学习算法及其应用 ,吴梅梅 /2020-07-07  /机械工业出版社,?40.00,width: 0%;,1条评论
 白话大数据与机器学习 以降低学习曲线和阅读难度为宗旨，重点讲解了统计学、数据挖掘算法、实际应用案例、数据价值与变现，以及高级拓展技能，清晰勾勒出大数据技术路线与产业蓝图,高扬 /2016-06-15  /机械工业出版社,?48.20,width: 90%;,2192条评论
 深入理解XGBoost：高效机器学习算法与进阶 打通高效机器学习脉络，深入剖析集成学习中集大成者DDXGBoost原理、分布式实现、模型优化、深度应用等。,何龙 /2019-12-12  /机械工业出版社,?69.20,width: 100%;,388条评论
 神经网络与机器学习[原书第3版] ,（加）海金 /2011-03-01  /机械工业出版社,?55.20,width: 90%;,4779条评论
 机器学习经典算法实践 ,肖云鹏 卢星宇 许明 汪浩瀚 吴斌 刘宴兵 著 /2018-07-19  /清华大学出版社,?49.00,width: 100%;,54条评论
 机器学习与数据科学 基于R的统计学习方法 为数据科学家提供bibei工具和技巧 使用R统计环境，快速上手实践,[美]Daniel D. Gutierrez 古铁雷斯 /2017-05-01  /人民邮电出版社,?41.50,width: 90%;,353条评论
 python在机器学习中的应用 手机扫码看同步视频讲解，Python机器学习入门实战教程，结合实际数据帮助对算法的理解和应用。助你成为机器学习“老司机”和人工智能的开发者。,余本国 孙玉林 /2019-06-01  /水利水电出版社,?39.50,width: 100%;,718条评论
 数据挖掘与机器学习DDWEKA应用技术与实践（第二版） 系统讲解经典的数据挖掘机器学习工具Weka，初学者的入门经典，研究者的钻研利器,袁梅宇 /2016-08-01  /清华大学出版社,?35.60,width: 100%;,523条评论
 Python机器学习实践指南 机器学习人工智能深度学习领域参考书 轻松掌握机器学习实战知识 应用高级机器学习方法解决日常问题,[美] Alexander T. Combs /2017-04-01  /人民邮电出版社,?46.30,width: 90%;,6807条评论
 基于复杂网络的机器学习方法 利用复杂网络的结构和动力学特性，可以为机器学习中的特征选择以及样本标注提供新方法。,[巴西]迪亚戈?克里斯蒂亚诺?席尔瓦（Thiago Christiano Silv /2018-11-05  /机械工业出版社,?62.40,width: 100%;,519条评论
 机器学习理论与应用DD基于云教育环境 通过云教育平台主题模型可视化应用的实现过程来说明如何将主题模型应用于教育数据处理分析,马长林、郑世珏、刘三女牙 /2019-06-11  /清华大学出版社,?49.00,width: 0%;,10条评论
 Java机器学习 以主流语言Java实现机器学习,"（美）乌黛?卡马特（Dr. Uday Kamath）, 克里希纳?肖佩拉（K /2018-10-15  /机械工业出版社",?62.20,width: 100%;,172条评论
 Python机器学习 预测分析核心算法 人工智能深度学习参考书目 掌握算法和Python编程 用Python分析数据 预测结果的简单高效的方式,[美] Michael Bowles 鲍尔斯 著 /2016-12-01  /人民邮电出版社,?46.30,width: 90%;,3475条评论
 基于Azure的自动机器学习 微软副总裁作推荐序，本书不仅提供了有深度的技术介绍，还提供了大量实践示例和案例研究，展示了如何使用自动机器学习解决实际问题。,"[美]莫昆图（Deepak,Mukunthu），[美]沙阿（Parashar,Shah），[美]卓伟雄（Wee,{ /2020-09-01  /中国电力出版社",?46.90,width: 0%;,0条评论
 揭秘深度强化学习 机器学习深度学习人工智能丛书 AlphaGo核心算法揭秘 深度学习与强化学习的结合 AlphaGo核心算法 一本书读懂深度学习、强化学习、神经网络（CNN/RNN/RCNN）的底层算法 1000行代码源文件下载160多张学习示意图120多个公式,彭伟 /2018-05-01  /水利水电出版社,?44.50,width: 90%;,2293条评论
 Python机器学习DD数据分析与评分卡建模（微课版） Python从零基础入门到案例实战演练，配有270分钟高清视频讲解和丰富教学资源。,翟锟、胡锋、周晓然 /2019-04-12  /清华大学出版社,?22.10,width: 90%;,351条评论
 机器学习算法 第2版（影印版） ,[意] 朱塞佩?博纳科尔索 著 /2019-05-01  /东南大学出版社,?85.30,width: 0%;,17条评论
 机器学习案例分析（基于Python语言） ,王恺 /2020-03-01  /电子工业出版社,?77.40,width: 100%;,54条评论
 Python与机器学习实战：决策树、集成学习、支持向量机与神经网络算法详解及编程实现 简单的Python，可以完成复杂的机器学习算法，跟北大数学系的学霸一起来吧！,何宇健 编著 /2017-06-01  /电子工业出版社,?30.70,width: 90%;,3152条评论
 统计强化学习：现代机器学习方法 日本人工智能领域知名学者杉山将教授所著，学习和研究强化学习技术的重要参考书籍。,[日]杉山将（Masashi Sugiyama） /2019-05-15  /机械工业出版社,?55.20,width: 100%;,445条评论
 机器学习Web应用 全面Python机器学习的图书 学会在Web下构建机器学习系统的权V指南,[意] Andrea Isoni 爱索尼克 /2017-08-01  /人民邮电出版社,?39.60,width: 90%;,273条评论
 机器学习及其应用2017 ,高阳、陈松灿 /2017-11-01  /清华大学出版社,?45.80,width: 70%;,48条评论
 基于机器学习的行为识别技术研究 本书可以作为从事图像理解、模式识别、机器视觉等相关专业研究人员的参考书，对于计算机科学与技术、信息与通信工程、电子科学与技术等专业的研究生和高年级本科生也有一定的参考价值。,涂宏斌、 邱艳艳 /2016-09-26  /知识产权出版社,?22.10,width: 100%;,94条评论
 机器学习实践指南 基于R语言 用R语言开发机器学习和数据科学的快速入门指南,[英] 尼格尔?刘易斯（N.D. Lewis） 著 /2018-04-01  /人民邮电出版社,?39.60,width: 70%;,92条评论
 机器学习、深度学习与强化学习 从原理解析、数学解析两个方面对机器学习进行剖析,林强 /2019-05-28  /知识产权出版社,?46.60,width: 100%;,32条评论
 机器学习实践 测试驱动的开发方法 面技术开发人员 CTO 咨询顾问人员 涵盖了测试驱动的机器学习、机器学习概述等诸多内容,[美] 柯克（Matthew Kirk） 著，段菲 译 /2015-08-01  /人民邮电出版社,?34.50,width: 100%;,114条评论
 机器学习简明教程 机器学习知识体系的深度凝炼，集知识的系统性、可读性、可用性于一体，简明而不简单，机器学习初学者必备,汪荣贵 /2020-04-21  /机械工业出版社,?56.50,width: 0%;,2条评论
 Python机器学习 Python机器学习实战教程 人工智能图书 Python程序员进阶图书 涵盖数据可视化 无监督学习 神经网络和深度学习 推荐系统等常见知识,[印]阿布舍克?维贾亚瓦吉亚（Abhishek Vijayvargia） /2019-02-01  /人民邮电出版社,?35.20,width: 100%;,342条评论
 数据挖掘：实用机器学习工具与技术（原书第4版） 全面反映数据挖掘与机器学习领域的技术变革，备受欢迎的Weka软件同步升级,［新西兰］ 伊恩 H. 威腾 /2018-03-15  /机械工业出版社,?78.20,width: 90%;,223条评论
 大数据与机器学习：复杂社会的政治分析 （本书是对外经济贸易大学国际关系学院董青岭副教授的*研究成果，提供您洞察国际政治变动和复杂的人际关系的可行性。,董青岭 /2019-02-01  /时事出版社,?59.90,width: 70%;,131条评论
 Python机器学习与量化投资 ,何海群 /2018-12-01  /电子工业出版社,?62.40,width: 100%;,163条评论
 机器学习统计学（影印版） ,[印] 普拉塔普?丹格迪 编 /2018-08-01  /东南大学出版社,?77.40,width: 90%;,98条评论
 深入理解机器学习：从原理到算法 近几年机器学习理论方面的优秀著作，全面清晰地讨论了机器学习理论领域重要的算法和思想。由两位改论语理论基础的关键贡献者所著，内容覆盖理论基础到算法。,[以] 沙伊?沙莱夫-施瓦茨 /2016-07-18  /机械工业出版社,?55.20,width: 90%;,1838条评论
 Python机器学习编程与实战 ,林耀进 张良均 /2020-07-01  /人民邮电出版社,?47.70,width: 0%;,8条评论
 scikit-learn机器学习 第2版 掌握Python机器学习的有效工具 搞定scikit-learn的指南,[美]加文?海克（Gavin Hackeling） /2019-02-01  /人民邮电出版社,?39.60,width: 100%;,830条评论
 机器学习实战：基于Scikit-Learn Keras和TensorFlow（原书第2版） “美亚”人工智能畅销榜首图书，基于TensorFlow 2和Scikit-Learn的新版本全面升级，内容增加近一倍！Keras之父鼎力推荐，从实践出发，手把手教你从零开始搭建起一个神经网络。,（法）奥雷利安?杰龙（Aurélien Géron）著 译者：宋能辉 李娴 译 /2020-10-02  /机械工业出版社,?149.00,width: 0%;,0条评论
 机器学习算法原理与编程实践 ,郑捷 著 /2015-10-01  /电子工业出版社,?60.70,width: 90%;,1821条评论
 机器学习之路DDCaffe、Keras、scikit-learn实战 本书适合能看懂Python 代码，对机器学习感兴趣，期望入门的读者。,阿布 胥嘉幸编著 /2017-08-01  /电子工业出版社,?62.40,width: 90%;,740条评论
 机器学习：因子分解机模型与推荐系统 ,燕彩蓉，潘乔 /2019-12-01  /科学出版社,?45.80,width: 100%;,33条评论
 机器学习导论 人工智能专家米罗斯拉夫?库巴特教授25年倾心打造，系统解读了有关机器学习的14个方面，快速读懂机器学习，全面揭开机器学习的奥秘,［美］米罗斯拉夫?库巴特 /2016-11-09  /机械工业出版社,?62.40,width: 100%;,379条评论
 机器学习算法 ,[意]朱塞佩?博纳科尔索（Giuseppe Bonaccorso） /2018-05-30  /机械工业出版社,?54.50,width: 100%;,235条评论
 【按需印刷】-机器学习理论与算法 按需印刷商品，发货时间20个工作日，非质量问题不接受退换货。,张燕平，张铃 等  /科学出版社,?86.00,width: 0%;,8条评论
 机器学习：因子分解机模型与推荐系统 ,燕彩蓉，潘乔 /2020-06-01  /科学出版社,?68.30,width: 0%;,0条评论
 机器学习：实用技术指南 ,（美） 詹森?贝尔（Jason Bell） /2018-05-05  /机械工业出版社,?62.40,width: 100%;,26条评论
 机器学习 理论 实践与提高 机器学习理论知识梳理 经典的实践案例分析 核心算法讲解 机器学习实战经验分享 基于C语言讲解,[法]马西-雷萨?阿米尼（Massih-Reza Amini） /2018-04-01  /人民邮电出版社,?41.50,width: 100%;,124条评论
 李群机器学习 ,李凡长 等著 /2013-04-01  /中国科学技术大学出版社,?47.60,width: 100%;,78条评论
 Python数据挖掘与机器学习实战 【3位专家推荐！详解Python数据挖掘和机器学习的16种常用算法及10大经典案例，涵盖大数据挖掘、机器学习、深度学习、强化学习、在线学习、图像识别等；赠14段操作视频、源文、教学PPT】,方巍 /2019-06-05  /机械工业出版社,?55.20,width: 100%;,433条评论
 面向机器学习的自然语言标注 创建你自己的面向机器学习的自然语言训练语料库。,"[美]普斯特若夫斯基（James Pustejovsky）, [美国]斯塔布斯（Amber Stubbs） /2017-02-23  /机械工业出版社",?73.40,width: 100%;,245条评论
 Python机器学习开发实战 Python机器学习入门，以实战为重点，配有大量代码和案例，简单、快速、易学！,王新宇 /2020-07-01  /人民邮电出版社,?41.20,width: 0%;,108条评论
 移动端机器学习实战 系统介绍机器学习在移动端应用程序开发中的应用 讲述如何使用TensorFlow Lite 和Core ML开发Android与iOS应用程序 手把手教你实现文本检测、面部识别、换脸等7大功能,[印度]卡斯基延?NG（Karthikeyan NG） /2019-10-01  /人民邮电出版社,?39.60,width: 90%;,109条评论
 Spark机器学习 第2版 spark机器学习入门与进阶实战 Spark项目管理委员会成员作品 注重技术实践 通过大量实例演示如何创建有用的机器学习系统,[印]拉结帝普?杜瓦，[印]曼普利特?辛格?古特拉，[南非]尼克?彭特里思 /2018-11-01  /人民邮电出版社,?69.70,width: 100%;,285条评论
 金融科技：人工智能与机器学习卷 金融科技创新 将技术转化为竞争力！,刘斌 赵云德 /2019-09-17  /机械工业出版社,?41.20,width: 100%;,152条评论
 Spark机器学习进阶实战 科大讯飞大数据专家撰写，从基础到应用，面面俱到,马海平 于俊 吕昕 向海 /2018-09-13  /机械工业出版社,?46.60,width: 50%;,153条评论
 社会机器学习 ,黄金才，程光权，刘忠 /2020-03-01  /科学出版社,?117.70,width: 0%;,5条评论
 MATLAB与机器学习 MathWorks图书计划支持、资深行业专家分享、多个工程实例、提供示例源代码和MATLAB中文社区互动,［美］迈克尔?帕拉斯泽克（Michael Paluszek） /2018-02-25  /机械工业出版社,?55.20,width: 90%;,926条评论
 神经网络与机器学习（英文版 第3版） ,"（加）海金（Haykin,S） 著 /2009-03-01  /机械工业出版社",?54.50,width: 90%;,834条评论
 Python大规模机器学习 Python大规模机器学习实用技术、方法及实践指南，快速构建强大的机器学习模型并部署大规模预测应用程序,[荷]巴斯蒂安?贾丁（Bastiaan Sjardin） 等 /2019-05-06  /机械工业出版社,?62.20,width: 100%;,96条评论
 赠视频 机器学习 周志华 人工智能入门教程 西瓜书机器学习入门中文教科书 人工智能深度学习框架实战方法基础教程 清华大 有任何售后问题请联系电话：13560221769,周志华 /2016-01-01  /清华大学出版社,?55.00,width: 70%;,145条评论
 构建实时机器学习系统 Amazon、微软、Google资深机器学习专家倾力打造，融合10年机器学习*线应用的精华。,彭河森 汪涵 /2017-08-25  /机械工业出版社,?54.80,width: 60%;,89条评论
 Python大数据与机器学习实战 算法多、代码多、注释多、案例多，凝聚作者十余年开发和培训经验，帮你快速转型成为大数据工程师。,谢彦 /2020-04-01  /电子工业出版社,?59.50,width: 100%;,104条评论
 面向移动设备的机器学习 本书对面向移动设备的机器学习目前阶段的发展进行了非常清晰的介绍，并提供了大量算法和实际应用程序的示例，深入研究了各种监督学习和无监督学习算法，并详细阐述了TensorFlow Lite、Core ML,[印]雷瓦西? 戈帕拉克里希南 著 武海军 译 /2020-06-01  /清华大学出版社,?49.50,width: 0%;,10条评论
 地球科学大数据挖掘与机器学习 ,周永章，张良均，张奥多，王俊 /2018-09-30  /中山大学出版社,?42.30,width: 0%;,87条评论
 Python大数据分析与机器学习商业案例实战 零基础学机器学习与量化策略、全面揭秘机器学习在商业中的应用实战，详细金融数据风控、股票量化交易等分析,王宇韬 钱妍竹 等 /2020-05-28  /机械工业出版社,?68.80,width: 100%;,150条评论
 大数据挖掘与统计机器学习（第2版）（大数据分析统计应用丛书） ,吕晓玲 宋捷 /2019-01-04  /中国人民大学出版社,?32.50,width: 100%;,99条评论
 组合优化问题的机器学习求解方法 ,郭田德 /2020-09-01  /科学出版社,?69.50,width: 100%;,44条评论
 Python机器学习经典实例 【图灵程序设计丛书】监督学习技术、预测建模、无监督学习算法等前沿话题的实例代码展示 来自Kaggle的经典数据集和机器学习案例 用流行的Python库scikitlearn解决机器学习问题,（美）普拉提克?乔西（Prateek Joshi） /2017-08-01  /人民邮电出版社,?41.50,width: 100%;,936条评论
 机器人操作的机器学习理论DD从拟人操作到技巧迁移 ,丁希仑 /2020-06-01  /科学出版社,?58.60,width: 0%;,6条评论
 大数据时代的算法：机器学习、人工智能及其典型实例 数据时代，只有算法能洞悉数据的内在逻辑，让数据产生商业价值！,刘凡平 编著 /2017-01-01  /电子工业出版社,?21.80,width: 90%;,1224条评论
 Python高级机器学习 用Python语言详细解读前沿机器学习技术，助你高效解决数据科学难题,[英] 约翰?哈蒂（John Hearty） /2020-01-01  /人民邮电出版社,?41.50,width: 0%;,36条评论
 Python极简讲义：一本书入门数据分析与机器学习 零入门|高可读|重实战！NumPy、Pandas、Matplolib、Seaborn、sklearn全面解读！提供入门数据科学领域的“极简必要知识”！,张玉宏 /2020-05-01  /电子工业出版社,?57.00,width: 80%;,175条评论
 基于机器学习的物体自动理解技术 ,刘贞报 /2018-04-01  /科学出版社,?77.40,width: 0%;,34条评论
 【按需印刷】-机器学习/因子分解机模型与推荐系统 按需印刷商品，发货时间20个工作日，非质量问题不接受退换货。,科学出版社,?58.00,width: 0%;,0条评论
 实用机器学习 全面的实用解决方案，带领你快速进入机器学习领域,［印］苏尼拉?格拉普蒂 /2018-05-30  /机械工业出版社,?62.40,width: 100%;,28条评论
 高效机器学习：理论、算法及实践 Intel首席平台架构师撰写，将高效机器学习的理论、算法和实践有机结合,[黎]玛丽特?阿瓦德（Mariette Awad） [美]拉胡尔?可汗纳（Rahul Khanna） /2017-10-25  /机械工业出版社,?65.30,width: 100%;,84条评论
 数据挖掘：实用机器学习工具与技术（英文版?第4版） ,伊恩 H. 威腾 /2017-05-04  /机械工业出版社,?101.90,width: 80%;,153条评论
 SAP企业机器学习DD赋能业务创新 ,邬学宁、陈泽平、曹晓华、王洪刚 /2018-06-16  /清华大学出版社,?40.10,width: 80%;,100条评论
 Python机器学习实践：测试驱动的开发方法 ,[美] 马修?柯克（Matthew Kirk） /2017-11-20  /机械工业出版社,?46.60,width: 100%;,232条评论
 TensorFlow 1.x机器学习（影印版） ,[越] 全华（Quan Hua），[巴] 夏姆斯?乌尔?阿齐姆（{3 /2018-09-01  /东南大学出版社,?64.70,width: 0%;,18条评论
 Apache Spark机器学习 ,[美]刘永川Alex Liu /2017-03-27  /机械工业出版社,?41.20,width: 90%;,200条评论
 生物信息学中的机器学习分析方法 ,"王雪松,程玉虎,张林 /2020-06-01  /科学出版社",?54.50,width: 100%;,53条评论
 数据挖掘与机器学习DDWEKA应用技术与实践 ,袁梅宇 /2014-07-01  /清华大学出版社,?23.80,width: 90%;,518条评论
 机器学习DDPython实践,魏贞原 /2018-01-01  /电子工业出版社,?16.99,width: 100%;,226条评论
 深度实践Spark机器学习 中国外汇交易中心超过20年工作经验专家撰写，国家千人计划学者推荐。系统讲解Spark机器学习技术、原理、算法和组件，以及构建Spark机器学习系统的方法、流程、标准和规范。,吴茂贵 郁明敏 朱凤云 张粤磊 杨本法等 /2018-03-05  /机械工业出版社,?54.50,width: 30%;,282条评论
 Python机器学习 第2版（影印版） ,"Sebastian Raschka, Vahid Mirjalili /2018-10-01  /东南大学出版社",?86.10,width: 100%;,78条评论
 Python+TensorFlow机器学习实战 113张图解说明，31个实例，13个案例，详解19种机器学习经典算法。,李鸥 /2019-05-30  /清华大学出版社,?39.50,width: 90%;,355条评论
 模式识别与机器学习技术 ,冶金工业出版社,?36.30,width: 0%;,7条评论
 Python大战机器学习：数据科学家的第一个小目标 人生苦短，我用Python；算法偷懒，我看笔记学霸版,华校专，王正林 /2017-02-01  /电子工业出版社,?54.50,width: 90%;,2311条评论
 Spark机器学习 当机器学习遇上非常流行的并行计算框架Spark......,[南非] 彭特里思（Nick Pentreath） 著 /2015-09-01  /人民邮电出版社,?40.70,width: 100%;,980条评论
 Spark机器学习：核心技术与实践 以实践方式助你掌握Spark机器学习技术,［美］亚历克斯?特列斯 /2018-06-05  /机械工业出版社,?54.50,width: 90%;,197条评论
 套路！机器学习：北美数据科学家的私房课 艺术的R语言，秒天秒地秒统计；Get！女神学姐数据科学技能包,林荟 /2017-10-01  /电子工业出版社,?46.90,width: 100%;,219条评论
 Python机器学习算法 深入分析机器学习中的常用算法，兼顾算法、理论与实践，帮助读者快速掌握算法精髓！,赵志勇 著 /2017-06-01  /电子工业出版社,?54.50,width: 90%;,946条评论
 机器学习：基于OpenCV和Python的智能图像处理,"高敬鹏,江志烨,赵娜  /机械工业出版社",?51.35,width: 0%;,12条评论
 机器学习精讲,（加拿大） 安德烈?布可夫（Andriy Burkov） /2020-01-01  /人民邮电出版社有限公司,?44.16,width: 30%;,85条评论
 Kubeflow: 云计算和机器学习的桥梁 ,何金池 等 /2020-08-01  /电子工业出版社,?39.50,width: 0%;,2条评论
 机器学习技术与实战：医学大数据深度应用,（加）洪松林（Hong Song Lin） /2018-04-01  /机械工业出版社,?45.00,width: 0%;,82条评论
 PyTorch机器学习从入门到实战 PyTorch，机器学习,校宝在线 孙琳 蒋阳波 汪建成 项斌 /2018-10-30  /机械工业出版社,?46.60,width: 90%;,394条评论
" 学习记忆与机器学习实验原理 多学科交叉融合,高水平研究生教材","施静,王天江,田波 /2019-08-15  /华中科技大学出版社",?31.70,width: 0%;,7条评论
 R统计高级编程和数据模型 分析、机器学习和可视化 是一本专家指南，介绍如何将机器学习算法应用到统计分析中，如何用统计分析方法解决一些实际问题。,[美]马特?威利(Matt Wiley)，[美]约书亚?F.威利(Joshua F. Wiley) 著；{ /2020-07-01  /清华大学出版社,?64.00,width: 100%;,1条评论
 Python机器学习 5个数据科学家案例解析 ,[美]达西?哈龙（Danish Haroon）著 潘海为 /2018-09-05  /清华大学出版社,?22.40,width: 90%;,272条评论
 基于H2O的机器学习实用方法：一种强大的可扩展的人工智能和深度学习技术 ,达伦.库克 /2018-07-04  /机械工业出版社,?54.50,width: 0%;,36条评论
 AI前沿深度强化学习与分布式机器学习 套装共2册 微软亚洲研究院机器学习研究团队所著，刘铁岩博士领衔撰写！全面阐述分布式机器学习算法、理论及实践的著作。全彩印刷！人工智能大牛周志华教授倾情推荐！联邦学习进阶必读,刘驰，刘铁岩，等 /2020-08-21  /机械工业出版社,?129.70,width: 0%;,0条评论
 数据产品经理高效学习手册 产品设计、技术常识与机器学习 讲述产品经理的数据产品设计思维框架和具体操作流程 带你修炼数据分析 人工智能(AI)思维数据产品经理必备技能 突破职业瓶颈,张威 /2020-04-01  /人民邮电出版社,?29.50,width: 100%;,144条评论
 机器学习实战：基于Scikit-Learn和TensorFlow,（法）奥雷利安?杰龙 /2018-07-01  /机械工业出版社,?77.35,width: 100%;,101条评论
 机器学习算法原理与编程实践,郑捷 /2015-10-01  /电子工业出版社,?43.99,width: 100%;,254条评论
 机器学习Web应用,（意） Andrea Isoni 爱索尼克  /人民邮电出版社,?35.40,width: 100%;,12条评论
 零基础学R语言数据分析:从机器学习、数据挖掘、文本挖掘到大数据分析 从机器学习、数据挖掘、文本挖掘到大数据分析,李仁钟、李秋缘 /2018-09-08  /清华大学出版社,?26.60,width: 100%;,172条评论
 机器学习从入门到入职DD用sklearn与keras搭建人工智能模型,张威 /2020-01-01  /电子工业出版社,?69.30,width: 0%;,9条评论
 Spark机器学习（影印版） ,（英）彭特里思 著 /2016-01-01  /东南大学出版社,?46.90,width: 100%;,32条评论
 机器学习实践指南DD基于R语言,（英） 尼格尔?刘易斯（N.D. Lewis） 著 /2018-04-01  /人民邮电出版社,?37.76,width: 0%;,25条评论
 R语言机器学习 机器学习技术综合指南，全面、系统阐述机器学习技术发展全貌,（印度）卡西克?拉玛苏布兰马尼安 /2018-06-13  /机械工业出版社,?78.20,width: 100%;,86条评论
 Python与机器学习 ,陈清华 /2020-03-01  /电子工业出版社,?37.40,width: 100%;,13条评论
 TinyML：基于TensorFlow Lite在Arduino和超低功耗微控制器上部署机器学习 谷歌TensorFlow团队创始成员领衔撰写，谷歌工程师翻译并审校，Arduino联合创始人、Arm副总裁联袂推荐！TinyML里程碑级著作，手把手教你在Arduino和微控制器上部署ML。,[美]皮特?沃登 著，魏兰，卜杰，王铁震 译 /2020-09-10  /机械工业出版社,?102.80,width: 0%;,0条评论
 Python机器学习 ,赵涓涓 强彦 /2019-07-15  /机械工业出版社,?62.10,width: 100%;,60条评论
 机器学习入门到实战DDMATLAB 实践应用,冷雨泉 张会文 张伟  /清华大学出版社,?35.40,width: 100%;,24条评论
 百面机器学习 算法工程师带你去面试,"诸葛越,葫芦娃 /2018-08-01  /人民邮电出版社",?14.99,width: 100%;,204条评论
 机器学习:使用OpenCV和Python进行智能图像处理 王磊 译机械工业出版社9787111611516FX 正版图书，可开发票。,王磊 译 /2018-11-01  /机械工业出版社,?76.80,width: 0%;,0条评论
 机器学习实战 人民邮电出版社 [有问题请联系在线客服],[美] Peter Harrington 著，李锐，李鹏， /2013-06-01  /人民邮电出版社,?20.80,width: 0%;,0条评论
 深入浅出：工业机器学习算法详解与实战 收录了近年来在工业界被广泛应用的机器学习算法和算法周边的一些工程架构及实现原理,张朝阳 /2020-01-10  /机械工业出版社,?54.50,width: 100%;,119条评论
 机器学习开发者指南,（阿根廷）鲁道夫?邦宁（Rodolfo Bonnin）  /人民邮电出版社有限公司,?37.76,width: 0%;,2条评论
" 机器学习导论(原书第2版) 米罗斯拉夫.库巴特,王勇 机械工业出版社 9787111605812 【正版图书，质量保证，可开发票，放心购买】","米罗斯拉夫.库巴特,王勇 /2018-10-01  /机械工业出版社",?60.00,width: 0%;,0条评论
 机器学习实践指南,"（英）阿图尔?特里帕蒂（Atul Tripathi）,王??,曹建勋 /2018-03-01  /机械工业出版社",?40.00,width: 0%;,23条评论
 OpenCV机器学习（影印版） ,Michael Beyeler /2019-05-01  /东南大学出版社,?66.10,width: 100%;,13条评论
" 机器学习实战[美] Peter Harrington,李锐,*,曲亚东 等9787115317957【新华书店,品质保 【新华书店，正版书籍,全国多仓就近发货，速度保障】","[美] Peter Harrington,李锐,李鹏,曲亚东 等 /2013-06-01  /人民邮电出版社",?57.95,width: 0%;,1条评论
 机器学习,赵卫东 董亮  /人民邮电出版社,?37.20,width: 0%;,37条评论
 Python机器学习实战 ,裔隽 著 /2018-03-01  /科学技术文献出版社,?50.90,width: 100%;,45条评论
" 机器学习与R语言实战 丘?v玮,潘怡 机械工业出版社 9787111535959 【正版图书，质量保证，可开发票，放心购买】","丘?v玮,潘怡 /2016-05-01  /机械工业出版社",?75.00,width: 0%;,1条评论
 人工智能开发实践：云端机器学习导论 不再追求人工智能项目的完美方案，而是在有限的成本、资源、技术条件下，实现能够交付于实际生产的解决方案，降低AI项目开发成本，缩短开发周期，提升工作效率。,[美]挪亚?吉夫特(Noah Gift) /2020-05-25  /机械工业出版社,?61.40,width: 0%;,11条评论
 机器学习算法框架实战：Java和Python实现,麦嘉铭  /机械工业出版社,?44.85,width: 0%;,1条评论
 机器学习线性代数基础：Python语言描述,张雨萌  /北京大学出版社,?49.00,width: 0%;,0条评论
 Azure 机器学习 来自微软的Azure机器学习专业指南 介绍如何通过实现完全托管的数据科学云服务走出预测分析解决方案的关键一步,Jeff Barnes /2018-11-01  /人民邮电出版社,?36.90,width: 0%;,56条评论
 机器学习与优化,"（意） 罗伯托?巴蒂蒂（Roberto Battiti） ,毛罗?布鲁纳托（Mauro Brunato） /2018-05-01  /人民邮电出版社",?55.48,width: 100%;,132条评论
 机器学习案例分析(基于Python语言),"王恺,闫晓玉,等 /2020-03-01  /电子工业出版社",?68.60,width: 0%;,3条评论
 机器学习互联网业务安全实践,"王帅,吴哲夫  /电子工业出版社",?89.60,width: 0%;,2条评论
 Python机器学习经典实例（影印版） ,[美] 克里斯?阿尔本 编 /2018-11-01  /东南大学出版社,?65.50,width: 100%;,42条评论
 Python数据科学与机器学习 从入门到实践 数据科学家实践指南 寓复杂问题于简单实践 轻松掌握Python数据分析和机器学习技能 深入讨论数据挖掘与人工智能相关的60多个主题 贝叶斯定理 聚类 决策树 回归分析 实验设计,[美]弗兰克?凯恩（Frank Kane） /2019-06-01  /人民邮电出版社,?48.60,width: 90%;,102条评论
 机器学习在线：解析阿里云机器学习平台,杨旭 /2017-08-01  /电子工业出版社,?47.99,width: 0%;,67条评论
 TensorFlow机器学习项目开发实战 本书几乎涵盖了目前机器学习的各个热门主题，是读者学习和掌握 TensorFlow 应用的良好助手。项目实例极具参考价值并提供详尽的源代码分析！,[印]安奇特?简恩 著 熊爱华 译 /2019-09-01  /清华大学出版社,?40.10,width: 100%;,71条评论
 程序员面试宝典：百面机器学习+百面深度学习 算法工程师带你去面试（套装2册） 人工智能时代程序员不可不读学习面试宝典，一线大厂算法工程师合力著作，套装全面收录200+真实算法面试题，浪潮之巅作者吴军推荐,诸葛越 葫芦娃 江云胜 /2020-07-01,?135.10,width: 100%;,10条评论
 Scala机器学习 全面、系统讲解使用Scala在Spark平台上实现机器学习算法的实用技术、方法和*实践。,（美）亚历克斯?科兹洛夫 /2017-07-11  /机械工业出版社,?46.60,width: 100%;,184条评论
 【全2册】图解深度学习+图解机器学习 ,暂无 /2018-05-01  /人民邮电出版社,?81.00,width: 0%;,12条评论
 机器学习之路DDCaffe、Keras、scikit-learn实战,"阿布,胥嘉幸 /2017-08-01  /电子工业出版社",?35.99,width: 100%;,167条评论
 白话机器学习算法,（新加坡） 黄莉婷 苏川集 /2019-02-01  /人民邮电出版社,?24.99,width: 100%;,239条评论
 对抗机器学习：机器学习系统中的攻击和防御,"（美）叶夫根尼?沃罗贝基克（Yevgeniy Vorobeychik）,  /机械工业出版社",?44.85,width: 0%;,68条评论
 机器学习与R语言实战,"（美）兰兹（Lantz,B.） /2015-02-01  /机械工业出版社",?25.00,width: 100%;,21条评论
 机器学习实践：测试驱动的开发方法,柯克（Matthew Kirk） /2015-08-01  /人民邮电出版社,?24.99,width: 0%;,8条评论
 智能商业：人工智能、机器学习与大数据技术的制胜之道（原书第3版） 智能时代，只有被AI赋能的企业，才能在未来商业竞争中获胜,[英]史蒂文?芬利（Steven Finlay） /2019-06-15  /机械工业出版社,?38.70,width: 100%;,136条评论
 机器学习vs复杂系统,许铁 /2018-07-01  /电子工业出版社,?38.89,width: 0%;,55条评论
 【新华书店】机器学习与R语言(原书第2版)(美)布雷特?兰茨(Brett Lantz)9787111553281 【新华书店，全新正版书籍，品质保障】,(美)布雷特?兰茨(Brett Lantz) /2017-03-01  /机械工业出版社,?59.33,width: 0%;,0条评论
" 正版图书 机器学习实战 [美] Peter Harrington ,李锐,*,曲亚东,王 【正版书籍,可开发票,有问题联系在线客服】","[美] Peter Harrington ,李锐,李鹏,曲亚东,王 /2013-06-01  /人民邮电出版社",?19.25,width: 0%;,0条评论
 机器学习:从公理到算法 于剑 清华大学出版社 9787302471363 ,于剑 /2017-07-01  /清华大学出版社,?105.00,width: 0%;,0条评论
" 机器学习实战 [美] Peter Harrington ,李锐,*,曲亚东,王 人民邮电出版社 新书店购书无忧有保障！","[美] Peter Harrington ,李锐,李鹏,曲亚东,王 /2013-06-01  /人民邮电出版社",?68.00,width: 0%;,0条评论
" 【新华书店,正品】机器学习实战,人民邮电出版社 【全国多仓就近发货，下单即发，速度保障】","[美] Peter Harrington,李锐,李鹏,曲亚东 等 /2013-06-01  /人民邮电出版社",?138.15,width: 0%;,0条评论
 机器学习算法实践：系统的协同过滤理论及其应用 王建芳 清华大学出版社 ,王建芳 /2018-11-01  /清华大学出版社,?34.50,width: 0%;,0条评论
" 机器学习实战 [美] Peter Harrington ,李锐,*,曲亚东,王 9787115317957 春诚图书专营店","[美] Peter Harrington ,李锐,李鹏,曲亚东,王 /2013-06-01  /人民邮电出版社",?54.50,width: 0%;,0条评论
 机器学习与R语言【新华书店 品质担当】 评价有礼 部分书籍满88包邮 全国就近发货 85%城市次日送达！,(美)布雷特?兰茨(Brett Lantz) /2017-03-01  /机械工业出版社,?63.50,width: 0%;,0条评论
 机器学习系统设计:Python语言实现 [美] 戴维?朱利安(David Julian) 正版现货，放心购买，请注意售价与定价，有任何问题及时联系在线客服!,[美] 戴维?朱利安(David Julian) /2017-06-01  /机械工业出版社,?37.00,width: 0%;,0条评论
 【正版包邮】 机器学习：算法背后的理论与优化 ,史春奇、卜晶t、施智平 /2019-06-01  /清华大学出版社,?69.30,width: 0%;,0条评论
 机器学习:使用OpenCV和Python进行智能图像处理 机械工业出版社 [有问题请联系在线客服],王磊 译 /2018-11-01  /机械工业出版社,?48.20,width: 0%;,0条评论
" 机器学习 (美)詹森?贝尔(Jason Bell) 著;邹伟,王燕妮 译机械工业出版社 正版现货，有问题请联系在线客服！","(美)詹森?贝尔(Jason Bell) 著;邹伟,王燕妮 /2018-04-01  /机械工业出版社",?85.05,width: 0%;,0条评论
 机器学习算法原理与编程实践 郑捷 著电子工业出版社 正版现货，有问题请联系在线客服！,郑捷 著 /2015-10-01  /电子工业出版社,?112.70,width: 0%;,0条评论
 [新华书店]机器学习中的基本算法范丽亚科学出版社9787030652027 正版现货 5件包邮,范丽亚 /2020-06-01  /科学出版社,?90.16,width: 0%;,0条评论
" 【新华书店rt】机器学习,(美)詹森?贝尔(Jason Bell) 著;邹伟,王燕妮 译,机械工业出版社, 97871 ","(美)詹森?贝尔(Jason Bell) 著;邹伟,王燕妮 /2018-04-01  /机械工业出版社",?72.32,width: 0%;,0条评论
 机器学习入到实战DMATLAB 实践应用 冷雨泉，张会文，张伟 著 9787302495147 【正版书籍】 闪电发货 可开发票！！,冷雨泉，张会文，张伟 著 /2019-02-01  /清华大学出版社,?47.20,width: 0%;,0条评论
 机器学习实践指南［英］阿图尔?特里帕蒂9787111592129 【本店满129送定价198精美套装图书】 正版图书，欢迎选购，有问题联系在线客服，谢谢,［英］阿图尔?特里帕蒂 /2017-03-01  /机械工业出版社,?84.00,width: 0%;,0条评论
 机器学习:从公理到算法 于剑 (有问题联系在线客服）,于剑 /2017-07-01  /清华大学出版社,?51.20,width: 0%;,0条评论
 机器学习导论 正版书籍，有问题请联系在线客服！,"米罗斯拉夫.库巴特,王勇 /2018-10-01  /机械工业出版社",?70.23,width: 0%;,0条评论
" [正版现货]机器学习算法实践,王建芳,清华大学出版社,9787302507833 满5件包邮",王建芳 /2018-11-01  /清华大学出版社,?62.24,width: 0%;,0条评论
 机器学习:Go语言实现 【正版书籍，有问题请随时联系在线客服】(支持7天无理由退货！！),"[美]丹尼尔?怀特纳克（DanielWhitenack）,谢文江, /2018-11-01  /机械工业出版社",?55.10,width: 0%;,0条评论
 机器学习及其应用2019 于剑，封举富，张敏灵，俞扬 编清华大学出版社 正版现货，有问题请联系在线客服！,于剑，封举富，张敏灵，俞扬 编 /2019-12-01  /清华大学出版社,?91.60,width: 0%;,0条评论
 机器学习入门到实战DMATLAB 实践应用 冷雨泉，张会文，张伟 著清华大学出版社 正版现货，有问题请联系在线客服！,冷雨泉，张会文，张伟 著 /2019-02-01  /清华大学出版社,?80.50,width: 0%;,0条评论
 机器学习算法原理与编程实践 郑捷 著 电子工业出版社 [正版书籍，下单速发，下单前请联系客服查询书籍库存],郑捷 著 /2015-10-01  /电子工业出版社,?48.61,width: 0%;,0条评论
 【正版现货】机器学习与R语言(原书第2版) (美)布雷特?兰茨(Brett Lantz) 9787111553281 正版图书质量 保证七天无理由退货让您购物无忧 全场五件起包邮 70%城市次日达,(美)布雷特?兰茨(Brett Lantz) /2017-03-01  /机械工业出版社,?69.28,width: 0%;,0条评论
 机器学习：从公理到算法 于剑 9787302471363 全新正版,于剑 /2017-07-01  /清华大学出版社,?58.40,width: 0%;,1条评论
" [正版现货]机器学习入门到实战DMATLAB 实践应用,冷雨泉，张会文，张伟 著,清华大学出版社,9787302495 满5件包邮",冷雨泉，张会文，张伟 著 /2019-02-01  /清华大学出版社,?59.16,width: 0%;,0条评论
 【全4册】机器学习 周志华著+机器学习与应用 雷明著+机器学习实战+深度学习 人工智能算法，机器学习奠基之作，AI圣经 ,暂无 /2019-01-01  /清华大学出版社 人民邮电出版社,?355.00,width: 100%;,22条评论
 机器学习Web应用 机器学习 算法 软件开发 web机器学习系统开发教程书 python机器学习算法深度学习 web系 ,爱索尼克 /2019-09-30  /人民邮电出版社,?59.00,width: 0%;,0条评论
 人工智能入门书籍 机器学习实战 基于Python代码 周志华西瓜书机器学习入门教程书籍深度学习框架实战方法基础教程书 ,(美)Harrington /2020-08-17  /人民邮电出版社,?69.10,width: 0%;,0条评论
 【正版全新直发】机器学习与R语言(原书第2版) (美)布雷特?兰茨(Brett Lantz) 机械工业出版社97871 全店商品满3件包邮,(美)布雷特?兰茨(Brett Lantz) /2017-03-01  /机械工业出版社,?68.88,width: 0%;,0条评论
 机器学习实战 [美] Peter Harrington 著，李锐，*，曲亚东 等 译人民邮电出版社 因书籍批量采集上架，套装书籍默认为其中一本。,[美] Peter Harrington 著，李锐，李鹏，曲 /2013-06-01  /人民邮电出版社,?160.50,width: 0%;,0条评论
 【全新直发】机器学习与R语言(原书第2版) (美)布雷特?兰茨(Brett Lantz) 9787111553281 ,(美)布雷特?兰茨(Brett Lantz) /2017-03-01  /机械工业出版社,?68.38,width: 0%;,0条评论
 机器学习算法原理与编程实践 郑捷 著 电子工业出版社 【正版书籍 闪电发货 优质服务 电子发票 放心下单】,郑捷 著 /2015-10-01  /电子工业出版社,?88.00,width: 0%;,0条评论
 机器学习实战 [美] Peter Harrington 著，李锐，*，曲亚东，王 9787115317957 人民邮电 ,[美] Peter Harrington 著，李锐，李鹏， /2013-06-01  /人民邮电出版社,?41.44,width: 0%;,0条评论
 机器学习:使用OpenCV和Python进行智能图像处理 王磊 译 9787111611516【正版现货 闪电发货】 正版保证，可开发票 全国三仓发货 物流有保障！,王磊 译 /2018-11-01  /机械工业出版社,?55.20,width: 0%;,0条评论
 机器学习及其应用2019 于剑，封举富，张敏灵，俞扬 编清华大学出版社9787302544357FX 正版图书，可开发票。,于剑，封举富，张敏灵，俞扬 编 /2019-12-01  /清华大学出版社,?73.90,width: 0%;,0条评论
 【全3册】机器学习 周志华著+机器学习与应用 雷明著+机器学习实战 ,周志华、雷明等 /2019-01-01  /清华大学出版社 人民邮电出版社,?225.00,width: 100%;,1条评论
 机器学习及其应用2019 于剑，封举富，张敏灵，俞扬 编 9787302544357 ,于剑，封举富，张敏灵，俞扬 编 /2019-12-01  /清华大学出版社,?57.06,width: 0%;,0条评论
 机器学习实战（python基础教程指南）机器学习书籍python基础教程书python实战与机器学习基础入门pytho ,Peter harrington /2010-01-01  /人民邮电出版社,?70.20,width: 0%;,0条评论
" 机器学习经典算法剖析 基于OpenCV,赵春江,9787115482136,人民邮电出版社,[质量保证,放心购买] [正版图书，可开发票，下单速发]",赵春江 /2018-08-01  /人民邮电出版社,?48.91,width: 0%;,0条评论
" 机器学习 (美)詹森?贝尔(Jason Bell) 著;邹伟,王燕妮 译 机械工业出版社【正版图书，售后无忧，放心选购 保证正版现货图书，放心购买，有任何问题及时联系在线客服!","(美)詹森?贝尔(Jason Bell) 著;邹伟,王燕妮 /2018-04-01  /机械工业出版社",?72.11,width: 0%;,0条评论
" 机器学习及其应用2013 张长水,杨强 9787302336198 清华大学出版社 【正版现货 可开发票 下单即发】请看详情，有问题咨询在线客服或者电话联系我们！","张长水,杨强 /2013-10-01  /清华大学出版社",?25.00,width: 0%;,0条评论
 机器学习基础D原理、算法与实践 袁梅宇 (有问题联系在线客服）,袁梅宇 /2018-08-01  /清华大学出版社,?56.70,width: 0%;,0条评论
 机器学习算法实践 王建芳 清华大学出版社 书籍因批量采集上架，套装书籍默认是其中一本。,王建芳 /2018-11-01  /清华大学出版社,?56.00,width: 0%;,0条评论
 【正版直发】机器学习实践指南［英］阿图尔?特里帕蒂机械工业出版社 新书店购书无忧有保障！,［英］阿图尔?特里帕蒂 /2017-03-01  /机械工业出版社,?55.00,width: 0%;,0条评论
 机器学习与R语言实战 丘?v玮 著，潘怡 译 机械工业出版社【正版书籍 品质保证】 全店满89元随机赠送图书一本（详情咨询客服）部分地区（包括但不限于新疆，西藏，青海）暂不参与本次活动,丘?v玮 著，潘怡 译 /2016-05-01  /机械工业出版社,?91.45,width: 0%;,0条评论
 机器学习与R语言 (美)兰兹 著，李洪成，许金炜，李舰 译 (有问题联系在线客服）,(美)兰兹 著，李洪成，许金炜，李舰 译 /2015-03-01  /机械工业出版社,?24.00,width: 0%;,0条评论
" 机器学习入门到实战DDMATLAB 实践应用,冷雨泉 张会文 张伟,清华大学出版社【正版图书 放心购 】 海量好书 达额立减 售后无忧",冷雨泉 张会文 张伟 /2019-02-01  /清华大学出版社,?57.72,width: 0%;,0条评论
 【全2册】机器学习 周志华著+机器学习与应用 雷明著 全新正版 2本书,周志华、雷明 /2019-01-01  /清华大学出版社,?170.00,width: 0%;,0条评论
 机器学习基础D原理、算法与实践 袁梅宇 9787302500148 【正版书籍】 闪电发货 可开发票！！,袁梅宇 /2018-08-01  /清华大学出版社,?55.20,width: 0%;,0条评论
" [正版现货]机器学习经典算法剖析 基于OpenCV,赵春江 著,人民邮电出版社,9787115482136 满5件包邮",赵春江 著 /2018-08-01  /人民邮电出版社,?62.24,width: 0%;,0条评论
 机器学习实践指南［英］阿图尔?特里帕蒂 新书店，多仓发货，购书无忧有保障！,［英］阿图尔?特里帕蒂 /2017-03-01  /机械工业出版社,?54.00,width: 0%;,0条评论
 机器学习与R语言(原书第2版)(美)布雷特?兰茨(Brett Lantz)机械工业出版社 新书店购书无忧有保障！,(美)布雷特?兰茨(Brett Lantz) /2017-03-01  /机械工业出版社,?37.00,width: 0%;,0条评论
 机器学习经典算法剖析 基于OpenCV，赵春江 著，人民邮电出版社，【正版现货 闪电发货】 正版保证，可开发票 全国三仓发货 物流有保障！,赵春江 著 /2018-08-01  /人民邮电出版社,?51.75,width: 0%;,0条评论
 机器学习入门到实战DMATLAB 实践应用 冷雨泉，张会文，张伟 著 清华大学出版社 [正版书籍，下单速发，下单前请联系客服查询书籍库存],冷雨泉，张会文，张伟 著 /2019-02-01  /清华大学出版社,?39.97,width: 0%;,0条评论
 机器学习入门到实战DDMATLAB 实践应用 冷雨泉 张会文 张伟 清华大学出版社 正版书籍，放心下单,冷雨泉，张会文，张伟 著 /2019-02-01  /清华大学出版社,?37.00,width: 0%;,0条评论
" 机器学习:Go语言实现 [美]丹尼尔?怀特纳克（DanielWhitenack）,谢文江, 机械工业出版社【图书质量保 全店满89元随机赠送图书一本（详情咨询客服）部分地区（包括但不限于新疆，西藏，青海）暂不参与本次活动","[美]丹尼尔?怀特纳克（DanielWhitenack）,谢 /2018-11-01  /机械工业出版社",?49.70,width: 0%;,0条评论
 机器学习从入门到入职:用sklearn与keras搭建人工智能模型 张威 机器学习入门书籍 Sklearn和Keras ,张威 /2020-08-17  /电子工业出版社,?98.50,width: 0%;,0条评论
" 机器学习与R语言 [美] Brett Lantz,李洪成,许金炜,李舰 机械工业出版社 9787111491576 ","[美] Brett Lantz,李洪成,许金炜,李舰 /2015-04-01  /机械工业出版社",?109.80,width: 0%;,0条评论
 机器学习及其应用2019 于剑，封举富，张敏灵，俞扬 编清华大学出版社9787302544357FX 正版书籍，放心下单。,于剑，封举富，张敏灵，俞扬 编 /2019-12-01  /清华大学出版社,?73.90,width: 0%;,0条评论
" [正版现货]机器学习实战,[美] Peter Harrington 著，李锐，*，曲亚东，王,人民邮电出版社,9787 满5件包邮",[美] Peter Harrington 著，李锐，李鹏， /2013-06-01  /人民邮电出版社,?62.24,width: 0%;,0条评论
 机器学习 Python实践 魏贞原 Python机器学习入门图书 Python编程语言教程从入门到精通 Python编 ,魏贞原 /2018-01-01  /电子工业出版社,?56.00,width: 0%;,0条评论
 机器学习基础D原理、算法与实践 袁梅宇 清华大学出版社【正版图书 品质保证 售后无忧】 全店满89元随机赠送图书一本（详情咨询客服）部分地区（包括但不限于新疆，西藏，青海）暂不参与本次活动,袁梅宇 /2018-08-01  /清华大学出版社,?56.01,width: 0%;,0条评论
" 【正版全新直发】机器学习实战 [美] Peter Harrington,李锐,*,曲亚东 等 978711531795 全店商品满3件包邮","[美] Peter Harrington,李锐,李鹏,曲亚东 等 /2013-06-01  /人民邮电出版社",?68.98,width: 0%;,0条评论
" 【新华书店】机器学习基础D原理、算法与实践,袁梅宇,清华大学出版社, 9787302500148 ",袁梅宇 /2018-08-01  /清华大学出版社,?65.41,width: 0%;,0条评论
" 机器学习导论 米罗斯拉夫.库巴特,王勇 机械工业出版社【正版图书 品质保证 售后无忧】 全店满89元随机赠送图书一本（详情咨询客服）部分地区（包括但不限于新疆，西藏，青海）暂不参与本次活动","米罗斯拉夫.库巴特,王勇 /2018-10-01  /机械工业出版社",?70.23,width: 0%;,0条评论
" 机器学习算法,机械工业出版社,朱塞佩?博纳科尔索(Giuseppe Bonaccor9787111595137 正版书籍，放心下单",[意] ?朱塞佩?博纳科尔索 著，罗娜等译 译 /2018-05-01  /机械工业出版社,?44.00,width: 0%;,0条评论
 机器学习系统设计:Python语言实现 [美] 戴维?朱利安(David Julian)机械工业出版社 因书籍批量采集上架，套装书籍默认为其中一本。,[美] 戴维?朱利安(David Julian) /2017-06-01  /机械工业出版社,?59.25,width: 0%;,0条评论
 【正版直发】机器学习线性代数基础 Python语言描述 张雨萌 著 北京大学出版社 正版书籍，放心下单,张雨萌 著 /2019-08-01  /北京大学出版社,?36.00,width: 0%;,0条评论
 机器学习线性代数基础 Python语言描述 张雨萌 著 9787301306017 北京大学出版社 正版图书，提供电子发票，正常情况下48小时内发出，有任何问题联系在线客服！,张雨萌 著 /2019-08-01  /北京大学出版社,?31.79,width: 0%;,0条评论
 机器学习实战：基于Scikit-Learn和TensorFlow [法] 奥雷利安?杰龙（Aurélien Géron ,[法] 奥雷利安?杰龙（Aurélien Géron） 著， /2018-08-01  /机械工业出版社,?125.00,width: 0%;,0条评论
" 【新华书店】机器学习中的基本算法,范丽亚,科学出版社,9787030652027 ",范丽亚 /2020-06-01  /科学出版社,?90.26,width: 0%;,0条评论
 【新华书店】机器学习入门到实战DMATLAB 实践应用 冷雨泉，张会文，张伟 著 清华大学出版社 9787302495 正版现货 满5件包邮,冷雨泉，张会文，张伟 著 /2019-02-01  /清华大学出版社,?54.22,width: 0%;,0条评论
" 机器学习与R语言(原书第2版),机械工业出版社【新华书店全新正品】 『新华书店闪电发货！限时优惠！7天无理由退换货！』",(美)布雷特?兰茨(Brett Lantz) /2017-03-01  /机械工业出版社,?61.40,width: 0%;,0条评论
 机器学习：Go语言实现(美)丹尼尔?怀特纳克(Daniel Whitenack)9787111609797机械工业出版 正版书籍，放心下单,[美] 丹尼尔?怀特纳克（Daniel Whitenack） /2018-11-01  /机械工业出版社,?33.00,width: 0%;,0条评论
 机器学习系统设计:Python语言实现 [美] 戴维?朱利安(David Julian) 机械工业出版社 978711 新华书店 评价有礼 全国多仓就近发货 85%城市次日送达！,[美] 戴维?朱利安(David Julian) /2017-06-01  /机械工业出版社,?59.00,width: 0%;,0条评论
 机器学习 理论 实践与提高 C语言讲解机器学习入门教程 机器学习算法实战+Joomla 模板设计与网站开发 Jooml ,马西-雷萨?阿米尼 /2018-04-01  /人民邮电出版社,?108.90,width: 0%;,0条评论
" 【正版现货】机器学习入门到实战DMATLAB 实践应用 冷雨泉,张会文,张伟 9787302495147 清华大学出版 ","冷雨泉,张会文,张伟 /2019-02-01  /清华大学出版社",?59.40,width: 0%;,0条评论
" 机器学习:Go语言实现 [美]丹尼尔?怀特纳克（DanielWhitenack）,谢文江, 正版现货，放心购买，请注意售价与定价，有任何问题及时联系在线客服!","[美]丹尼尔?怀特纳克（DanielWhitenack）,谢文江, /2018-11-01  /机械工业出版社",?53.00,width: 0%;,0条评论
" 【正版现货】机器学习与R语言 [美] Brett Lantz,李洪成,许金炜,李舰 9787111491576 机械工 正版图书质量 保证七天无理由退货让您购物无忧 全场五件起包邮 70%城市次日达","[美] Brett Lantz,李洪成,许金炜,李舰 /2015-04-01  /机械工业出版社",?69.28,width: 0%;,0条评论
" 机器学习实战 [美] Peter Harrington,李锐,李 鹏,曲亚东 等 人民邮电出版社 正版书籍，请注意售价高于定价，有问联系随时联系客服，欢迎咨询。","[美] Peter Harrington,李锐,李鹏,曲亚东 等 /2013-06-01  /人民邮电出版社",?60.50,width: 0%;,0条评论
" 机器学习 (美)詹森?贝尔(Jason Bell) 著;邹伟,王燕妮 译机械工业出版社9787111593379FX 正版图书，可开发票。","(美)詹森?贝尔(Jason Bell) 著;邹伟,王燕妮 /2018-04-01  /机械工业出版社",?80.40,width: 0%;,0条评论
 机器学习实战 [美] Peter Harrington 著，李锐，*，曲亚东，王 9787115317957 人民邮电 正版图书，提供电子发票，正常情况下48小时内发出，支持全国配送，有任何问题联系在线客服！,[美] Peter Harrington 著，李锐，李鹏， /2013-06-01  /人民邮电出版社,?63.48,width: 0%;,0条评论
 【全新直发】机器学习实战（python基础教程指南）+机器学习（机器学习套装共两册） [美]哈林顿 【正版图书】,哈林顿 /2013-06-01  /人民邮电出版社 等,?150.07,width: 0%;,0条评论
 机器学习与R语言 (美)兰兹 著，李洪成，许金炜，李舰 译 机械工业出版社 【正版书籍 闪电发货 优质服务 电子发票 放心下单】,(美)兰兹 著，李洪成，许金炜，李舰 译 /2015-03-01  /机械工业出版社,?69.00,width: 0%;,0条评论
 机器学习基础D原理、算法与实践 袁梅宇清华大学出版社 9787302500148 正版现货，有问题请联系在线客服！,袁梅宇 /2018-08-01  /清华大学出版社,?94.00,width: 0%;,0条评论
" 机器学习基础,清华大学出版社,袁梅宇 正版书籍，放心下单",袁梅宇 著 /2018-08-01  /清华大学出版社,?50.00,width: 0%;,0条评论
 机器学习基础D原理、算法与实践 袁梅宇清华大学出版社9787302500148 正版书籍，放心下单。,袁梅宇 /2018-08-01  /清华大学出版社,?69.30,width: 0%;,0条评论
 机器学习算法的数学解析与Python实现 ,莫凡 /2019-12-01  /机械工业出版社,?62.00,width: 0%;,0条评论
" 机器学习 (美)詹森?贝尔(Jason Bell) 著;邹伟,王燕妮 译机械工业出版社9787111593379FX 正版书籍，放心下单。","(美)詹森?贝尔(Jason Bell) 著;邹伟,王燕妮 /2018-04-01  /机械工业出版社",?80.40,width: 0%;,0条评论
 机器学习 机器学习实战 周志华教授西瓜书 Python人工智能入门教程 DeepLearning编程方法 ,邹均 于斌 庄鹏 邢春晓 /2020-08-17  /机械工业出版社,?141.60,width: 0%;,0条评论
 机器学习:使用OpenCV和Python进行智能图像处理 王磊 译 机械工业出版社 [正版书籍，下单速发，下单前请联系客服查询书籍库存],王磊 译 /2018-11-01  /机械工业出版社,?39.11,width: 0%;,0条评论
 机器学习实践指南 ［英］阿图尔?特里帕蒂 机械工业出版社 9787111592129 【正版现货 可开发票 下单即发】请看详情，有问题咨询在线客服或者电话联系我们！,［英］阿图尔?特里帕蒂 /2017-03-01  /机械工业出版社,?78.00,width: 0%;,0条评论
 机器学习算法实践 王建芳清华大学出版社 因书籍批量采集上架，套装书籍默认为其中一本。,王建芳 /2018-11-01  /清华大学出版社,?70.35,width: 0%;,0条评论
 机器学习:使用OpenCV和Python进行智能图像处理 王磊 译 机械工业出版社【正版图书，售后无忧，放心选购】 保证正版现货图书，放心购买，有任何问题及时联系在线客服!,王磊 译 /2018-11-01  /机械工业出版社,?50.26,width: 0%;,0条评论
 机器学习入门到实战DMATLAB 实践应用 清华大学出版社 [有问题请联系在线客服],冷雨泉，张会文，张伟 著 /2019-02-01  /清华大学出版社,?46.20,width: 0%;,0条评论
 【正版包邮】随机送书签- 机器学习与R语言 (美)布雷特?兰茨(Brett Lantz) 9787111553281 此书为正版图书，正常48小时内发货，提供发票，请放心购买，团购量大请联系在线客服或15671107107,(美)布雷特?兰茨(Brett Lantz) /2017-03-01  /机械工业出版社,?68.18,width: 0%;,0条评论
 机器学习入门到实战DMATLAB 实践应用 冷雨泉，张会文，张伟 著清华大学出版社9787302495147 正版书籍，放心下单。,冷雨泉，张会文，张伟 著 /2019-02-01  /清华大学出版社,?59.25,width: 0%;,0条评论
 机器学习:使用OpenCV和Python进行智能图像处理 【正版书籍，有问题请随时联系在线客服】(支持7天无理由退货！！),王磊 /2018-11-01  /机械工业出版社,?68.90,width: 0%;,0条评论
" 机器学习与R语言,机械工业出版社, Brett Lantz 著，李洪成，许金炜，李舰 译9787111491576 新书店，多仓发货，购书无忧有保障！","[美] Brett Lantz,李洪成,许金炜,李舰 /2015-04-01  /机械工业出版社",?68.00,width: 0%;,0条评论
 机器学习基础D原理、算法与实践 袁梅宇 清华大学出版社 正版书籍!好评联系客服优惠!谢谢!,袁梅宇 /2018-08-01  /清华大学出版社,?66.93,width: 0%;,0条评论
 机器学习算法实践 王建芳清华大学出版社9787302507833 正版书籍，放心下单。,王建芳 /2018-11-01  /清华大学出版社,?63.50,width: 0%;,0条评论
" 机器学习及其应用2017,高阳、陈松灿,清华大学出版社【正版图书 放心购 】 海量好书 达额立减 售后无忧",高阳、陈松灿 /2017-11-01  /清华大学出版社,?56.84,width: 0%;,0条评论
 机器学习线性代数基础 Python语言描述 ,张雨萌 著 /2019-08-01  /北京大学出版社,?35.00,width: 0%;,0条评论
 机器学习与R语言 (美)布雷特?兰茨(Brett Lantz)机械工业出版社 因书籍批量采集上架，套装书籍默认为其中一本。,(美)布雷特?兰茨(Brett Lantz) /2017-03-01  /机械工业出版社,?69.30,width: 0%;,0条评论
 机器学习与R语言 (美)兰兹 著，李洪成，许金炜，李舰 译机械工业出版社9787111491576FX 正版书籍，放心下单。,(美)兰兹 著，李洪成，许金炜，李舰 译 /2015-03-01  /机械工业出版社,?68.10,width: 0%;,0条评论
 机器学习算法实践 王建芳清华大学出版社 正版现货，有问题请联系在线客服！,王建芳 /2018-11-01  /清华大学出版社,?65.60,width: 0%;,0条评论
 机器学习基础原理算法与实践 袁梅宇 9787302500148 ,袁梅宇 /2018-08-01  /清华大学出版社,?57.06,width: 0%;,0条评论
 机器学习-Python实践+Python数据分析入门-从数据获取到可视化+深度学习-基于Keras的Python实践 ,编者 /2018-01-01  /电子工业出版社,?168.00,width: 0%;,2条评论
 机器学习系统设计：Python语言实现 【正版图书，质量保证，可开发票，放心购买】,"[美] 戴维?朱利安（David Julian）,李洋 /2017-06-01  /机械工业出版社",?32.00,width: 0%;,0条评论
" 机器学习:Go语言实现 [美]丹尼尔?怀特纳克（DanielWhitenack）,谢文江, 9787111609797 正版现货，有问题请联系在线客服！","[美]丹尼尔?怀特纳克（DanielWhitenack）,谢文江, /2018-11-01  /机械工业出版社",?48.00,width: 0%;,0条评论
 机器学习基础D原理、算法与实践 袁梅宇 清华大学出版社 [正版书籍，下单速发，下单前请联系客服查询书籍库存],袁梅宇 /2018-08-01  /清华大学出版社,?49.35,width: 0%;,0条评论
 机器学习vs复杂系统，许铁，电子工业出版社【正版图书 放心购 】 海量好书 达额立减 售后无忧,许铁 /2018-07-01  /电子工业出版社,?57.72,width: 0%;,0条评论
" 机器学习与R语言 [美] Brett Lantz,李洪成,许金炜,李舰 机械工业出版社 9787111491576 【正版现货 可开发票 下单即发】请看详情，有问题咨询在线客服或者电话联系我们！","[美] Brett Lantz,李洪成,许金炜,李舰 /2015-04-01  /机械工业出版社",?68.00,width: 0%;,0条评论
 机器学习实战（python基础教程指南）+机器学习（机器学习套装共两册） [美]哈林顿 【文轩正版图书】,[美]哈林顿 /2013-06-01  /人民邮电出版社 等,?108.40,width: 100%;,95条评论
" 【新华书店】机器学习,(美)詹森?贝尔(Jason Bell) 著;邹伟,王燕妮 译,机械工业出版社, 9787111 ","(美)詹森?贝尔(Jason Bell) 著;邹伟,王燕妮 /2018-04-01  /机械工业出版社",?69.75,width: 0%;,0条评论
 机器学习实战+机器学习 周志华 全2册 python机器学习基础核心教 ,Peter harrington /2018-01-01  /人民邮电出版社,?136.50,width: 0%;,0条评论
 机器学习实战+python机器学习基础教程人工智能深度学习机器学习 ,Harry J.W. Percival /2017-01-01  /人民邮电出版社,?101.00,width: 0%;,0条评论
 机器学习 GO语言实现 机械工业出版社 [有问题请联系在线客服],(美)丹尼尔?怀特纳克(Daniel Whitenack) /2018-10-01  /机械工业出版社,?40.30,width: 0%;,0条评论
 【新华书店】机器学习系统设计:Python语言实现 9787111569459 [美] 戴维?朱利安(David Ju 正版现货 满5件包邮,[美] 戴维?朱利安(David Julian) /2017-06-01  /机械工业出版社,?53.33,width: 0%;,0条评论
 机器学习实战（python基础教程指南）python机器概念书籍 计算机电脑程序设计开发 人工智能开机器学习实战/图灵 ,Peter harrington /2019-09-30  /人民邮电出版社,?66.00,width: 0%;,0条评论
 机器学习实战 【正版书籍，有问题请随时联系在线客服】(支持7天无理由退货！！),"[美] Peter Harrington ,李锐,李鹏,曲亚东,王 /2013-06-01  /人民邮电出版社",?25.00,width: 0%;,0条评论
 机器学习实战美团机器学习实践全2册计算机电脑程序设计开发人工智能开发程序算法机器学习实践人工智能籍深度学习无广东高等教 正版书籍放心购买！书籍和图片不符的以标题为准！提供发票!,王先国，罗中良 著 /2010-10-01  /广东高等教育出版社,?169.97,width: 0%;,0条评论
 机器学习与R语言 (美)兰兹 著，李洪成，许金炜，李舰 译机械工业出版社 正版现货，有问题请联系在线客服！,(美)兰兹 著，李洪成，许金炜，李舰 译 /2015-03-01  /机械工业出版社,?74.85,width: 0%;,0条评论
" [正版现货]机器学习及其应用2019,于剑，封举富，张敏灵，俞扬 编,清华大学出版社,9787302544357 满5件包邮",于剑，封举富，张敏灵，俞扬 编 /2019-12-01  /清华大学出版社,?62.24,width: 0%;,0条评论
 机器学习与R语言(原书第2版) (美)布雷特?兰茨(Brett Lantz) 9787111553281 机械工业出版 【正版品好 可开发票 支持退货 多买优惠】请看详情，有问题咨询在线客服或者电话联系我们！,(美)布雷特?兰茨(Brett Lantz) /2017-03-01  /机械工业出版社,?68.00,width: 0%;,0条评论
 机器学习：实用技术指南 詹森?贝尔 机械工业出版社 正版书籍，放心下单,[美] 詹森?贝尔（Jason Bell） 著，邹伟 王燕妮 /2018-05-01  /机械工业出版社,?46.00,width: 0%;,0条评论
 机器学习与R语言(原书第2版)(美)布雷特?兰茨(Brett Lantz) 新书店购书无忧有保障！,(美)布雷特?兰茨(Brett Lantz) /2017-03-01  /机械工业出版社,?140.00,width: 0%;,0条评论
 机器学习实战+美团机器学习实践 人工智能机器学习经典教程基于Python代码 ,绍 /2014-05-01  /人民邮电出版社,?149.85,width: 0%;,0条评论
" 【新华书店rt】机器学习算法,[意]朱塞佩?博纳科尔索(Giuseppe Bonaccorso),机械工业出版社,97 ",[意]朱塞佩?博纳科尔索(Giuseppe Bonaccor /2018-05-01  /机械工业出版社,?63.42,width: 0%;,0条评论
 机器学习与深度学习算法基础 图解13种经典机器学习算法+4种深度学习模型 贾壮 著 北京大学出版社 正版新书 保证质量 七天退换 放心购买,贾壮 著 /2020-08-01  /北京大学出版社,?65.00,width: 0%;,0条评论
 机器学习实战（python基础教程指南）【新华书店 品质担当】 评价有礼 部分书籍满88包邮 全国就近发货 85%城市次日送达！,"[美] Peter Harrington,李锐,李鹏,曲亚东 等 /2013-06-01  /人民邮电出版社",?66.20,width: 0%;,0条评论
 机器学习与R语言(原书第2版) (美)布雷特?兰茨(Brett Lantz) 机械工业出版社 正版书籍！好评联系客服有优惠！谢谢！,(美)布雷特?兰茨(Brett Lantz) /2017-03-01  /机械工业出版社,?40.00,width: 0%;,0条评论
 【新华书店】机器学习实战 [美] Peter Harrington 著，李锐，*，曲亚东，王 人民邮电出版社 9787 正版现货 满5件包邮,[美] Peter Harrington 著，李锐，李鹏， /2013-06-01  /人民邮电出版社,?63.37,width: 0%;,0条评论
 机器学习与R语言 (美)兰兹 著，李洪成，许金炜，李舰 译机械工业出版社9787111491576FX 正版图书，可开发票。,(美)兰兹 著，李洪成，许金炜，李舰 译 /2015-03-01  /机械工业出版社,?68.10,width: 0%;,0条评论
 【全2册】机器学习经典算法剖析 基于OpenCV+图像局部特征检测和描述 基于OpenCV源码分析的算法与实现 ,赵春江 /2018-08-01  /人民邮电出版社,?105.00,width: 0%;,3条评论
 机器学习+机器学习实战 击败AlphaGo的武林秘籍赢得人机大战的必由之路周志华教授机器学习与R语言西瓜 ,(美)Harrington /2018-01-01  /人民邮电出版社,?162.93,width: 0%;,0条评论
 【正版现货】机器学习:使用OpenCV和Python进行智能图像处理 王磊 9787111611516 机械工业出版社 ,王磊 /2018-11-01  /机械工业出版社,?69.40,width: 0%;,0条评论
 【正版现货】 机器学习算法原理与编程实践 9787121273674 郑捷 著 电子工业出版社 此书为正版图书，正常48小时内发货，提供发票，请放心购买，团购量大请联系在线客服或15671107107,郑捷 著 /2015-10-01  /电子工业出版社,?77.20,width: 0%;,0条评论
 机器学习算法原理与编程实践 郑捷 著 9787121273674 电子工业出版社 ,郑捷 著 /2015-10-01  /电子工业出版社,?52.85,width: 0%;,0条评论
" 【正版全新直发】机器学习与R语言 [美] Brett Lantz,李洪成,许金炜,李舰 机械工业出版社97871114 全店商品满3件包邮","[美] Brett Lantz,李洪成,许金炜,李舰 /2015-04-01  /机械工业出版社",?68.88,width: 0%;,0条评论
 【新华书店】【新华书店】机器学习导论米罗斯拉夫.库巴特 著，王勇 译机械工业出版社9787111605812 现货 满5件包邮,米罗斯拉夫.库巴特 著，王勇 译 /2018-10-01  /机械工业出版社,?72.52,width: 0%;,0条评论
 机器学习实战（python基础教程指南）机器学习书籍python基础教程书python实战与机器学习基础入门pytho ,Peter harrington /2017-09-01  /人民邮电出版社,?70.72,width: 0%;,0条评论
 机器学习系统设计python语言实现 [美] 戴维?朱利安(David Julian) 9787111569459 ,[美] 戴维?朱利安(David Julian) /2017-06-01  /机械工业出版社,?45.25,width: 0%;,0条评论
 机器学习实战（python基础教程指南）机器学习书籍python基础教程书python实战与机器学习基础入门pytho ,Peter harrington /2018-01-01  /人民邮电出版社,?70.72,width: 0%;,0条评论
 机器学习及其应用2019 于剑，封举富，张敏灵，俞扬 编 清华大学出版社 [正版书籍，下单速发，下单前请联系客服查询书籍库存],于剑，封举富，张敏灵，俞扬 编 /2019-12-01  /清华大学出版社,?47.98,width: 0%;,0条评论
 机器学习实战（python基础教程指南）+机器学习（机器学习套装共两册）【新华书店 品质担当】 评价有礼 部分书籍满88包邮 全国就近发货 85%城市次日送达！,"[美] Peter Harrington,李锐,李鹏,曲亚东 等 /2013-06-01  /人民邮电出版社",?150.70,width: 0%;,0条评论
 【正版全新直发】机器学习实践指南 ［英］阿图尔?特里帕蒂 9787111592129 机械工业出版社 ,［英］阿图尔?特里帕蒂 /2017-03-01  /机械工业出版社,?78.78,width: 0%;,0条评论
 机器学习经典算法剖析 基于OpenCV 赵春江 著 人民邮电出版社 【正版书籍 闪电发货 优质服务 电子发票 放心下单】,赵春江 著 /2018-08-01  /人民邮电出版社,?69.00,width: 0%;,0条评论
 机器学习：使用OpenCV和Python进行智能图像处理 [美] 迈克尔?贝耶勒（Michael Beyeler） 著 ,[美] 迈克尔?贝耶勒（Michael Beyeler） 著 /2018-11-01  /机械工业出版社,?61.00,width: 0%;,0条评论
 机器学习*发者指南 基于Python语言机器学习实战 人工智能 神经网络 自然语言处理机器学习算法 ,鲁道夫?邦宁 /2020-03-02  /人民邮电出版社,?44.50,width: 0%;,0条评论
 机器学习系统设计:Python语言实现 [美] 戴维?朱利安(David Julian)机械工业出版社 正版现货，有问题请联系在线客服！,[美] 戴维?朱利安(David Julian) /2017-06-01  /机械工业出版社,?51.50,width: 0%;,0条评论
" 机器学习 Peter Harrington“,“李锐“,“*“,“曲亚东 9787115317957 人民邮电 正版图 收藏店铺 快速发货 大秦书店经营范围：正版纸质书，电子出版物，开具发票。欢迎光临！",Peter Harrington 李锐 * 曲亚东 /2010-01-01  /人民邮电出版社,?47.08,width: 0%;,0条评论
 机器学习:使用OpenCV和Python进行智能图像处理 王磊 译机械工业出版社9787111611516FX 正版书籍，放心下单。,王磊 译 /2018-11-01  /机械工业出版社,?76.80,width: 0%;,0条评论
" 【全新现货】机器学习实战 [美] Peter Harrington,李锐,*,曲亚东 等 9787115317957 ","[美] Peter Harrington,李锐,李鹏,曲亚东 等 /2013-06-01  /人民邮电出版社",?68.28,width: 0%;,0条评论
" 机器学习与R语言,机械工业出版社, Brett Lantz 著，李洪成，许金炜，李舰 译 正版书籍，放心下单",(美)兰兹 著，李洪成，许金炜，李舰 译 /2015-03-01  /机械工业出版社,?52.00,width: 0%;,0条评论
" 【新华书店rt】机器学习实践指南,[英]阿图尔?特里帕蒂（AtulTripathi）,王?床芙ㄑ?,机械工业出版社,97 ","[英]阿图尔?特里帕蒂（AtulTripathi）,王?床芙? /2018-04-01  /机械工业出版社",?72.32,width: 0%;,0条评论
 机器学习及其应用2019 于剑，封举富，张敏灵，俞扬 编 9787302544357【正版现货 闪电发货】 正版保证，可开发票 全国三仓发货 物流有保障！,于剑，封举富，张敏灵，俞扬 编 /2019-12-01  /清华大学出版社,?55.20,width: 0%;,0条评论
" 机器学习与R语言(原书第2版),布雷特?兰茨,机械工业出版社【正版图书 放心购 】 海量好书 达额立减 售后无忧",(美)布雷特?兰茨(Brett Lantz) /2017-03-01  /机械工业出版社,?67.62,width: 0%;,0条评论
 机器学习算法原理与编程实践 郑捷 著 电子工业出版社【正版书籍，品质保障，售后无忧】 保证正版现货图书，放心购买，有任何问题及时联系在线客服!,郑捷 著 /2015-10-01  /电子工业出版社,?30.13,width: 0%;,0条评论
" 机器学习入门到实战DMATLAB 实践应用 冷雨泉,张会文,张伟 9787302495147 [正版图书，放心购买，发货特快，质量保障]","冷雨泉,张会文,张伟 /2019-02-01  /清华大学出版社",?43.10,width: 0%;,0条评论
 【正版包邮】随机送书签- 机器学习实战 [美] Peter Harrington 著，李锐，*，曲亚东，王 97871 此书为正版图书，正常48小时内发货，提供发票，请放心购买，团购量大请联系在线客服或15671107107,[美] Peter Harrington 著，李锐，李鹏， /2013-06-01  /人民邮电出版社,?50.10,width: 0%;,0条评论
 【正版全新直发】机器学习实践指南 ［英］阿图尔?特里帕蒂 9787111592129 机械工业出版社 全店商品满3件包邮,［英］阿图尔?特里帕蒂 /2017-03-01  /机械工业出版社,?78.98,width: 0%;,0条评论
 机器学习实战 [美] Peter Harrington 著，李锐，*，曲亚东，王 人民邮电出版社 【正版书籍 闪电发货 优质服务 电子发票 放心下单】,[美] Peter Harrington 著，李锐，李鹏， /2013-06-01  /人民邮电出版社,?40.71,width: 0%;,0条评论
 机器学习算法实践，王建芳，清华大学出版社，【正版现货 闪电发货】 正版保证 可开发票 全国三仓发货 百分之八十城市次日即达!,王建芳 /2018-11-01  /清华大学出版社,?51.75,width: 0%;,0条评论
 机器学习算法原理与编程实践 郑捷 9787121273674 电子工业出版社 正版书籍，放心下单,郑捷 著 /2015-10-01  /电子工业出版社,?87.70,width: 0%;,0条评论
 机器学习中的数学 人工智能数学基础知识书籍 机器学习方法ai算法线性代数python机器学习入门教程计算机深度学习数据 ,王海燕，胡以怀编 /2020-05-26  /上海浦江教育出版社,?73.57,width: 0%;,0条评论
 【全2册】机器学习实战：基于Scikit-Learn和TensorFlow+机器学习与应用 雷明著9787302514 ,暂无 /2018-08-01  /机械工业出版社 清华大学出版社,?200.00,width: 0%;,1条评论
 【正版直发】机器学习系统设计:Python语言实现 [美] 戴维?朱利安(David Julian) 机械工业出版社 正版书籍，放心下单,[美] 戴维?朱利安(David Julian) /2017-06-01  /机械工业出版社,?31.00,width: 0%;,0条评论
 机器学习入门到实战DMATLAB 实践应用 冷雨泉，张会文，张伟 著清华大学出版社 因书籍批量采集上架，套装书籍默认为其中一本。,冷雨泉，张会文，张伟 著 /2019-02-01  /清华大学出版社,?59.25,width: 0%;,0条评论
 机器学习线性代数基础 Python语言描述 张雨萌 著 9787301306017 【正版图书，质量保证，可开发票，放心购买】,张雨萌 著 /2019-08-01  /北京大学出版社,?61.00,width: 0%;,0条评论
 机器学习算法实践 王建芳 9787302507833 ,王建芳 /2018-11-01  /清华大学出版社,?57.06,width: 0%;,0条评论
 机器学习实战+python机器学习基础教程人工智能深度学习机器学习入门书籍神经网络与深度学习AI圣经 ,Harry J.W. Percival /2010-01-01  /人民邮电出版社,?149.80,width: 0%;,0条评论
 【全4册】机器学习+深入理解机器学习：从原理到算法+机器学习+深度学习 ,暂无 /2018-01-25  /人民邮电出版社,?315.00,width: 0%;,2条评论
 【正版现货】机器学习实战 [美] Peter Harrington 著，李锐，*，曲亚东，王 人民邮电出版社 9787 请注意售价高于定价，正常48小时内发货，提供发票，收到书籍后有任何问题联系在线客服或致电13581544457,[美] Peter Harrington 著，李锐，李鹏， /2013-06-01  /人民邮电出版社,?60.03,width: 0%;,0条评论
 机器学习基础DD原理、算法与实践 袁梅宇 正版现货，放心购买，请注意售价与定价，有任何问题及时联系在线客服!,袁梅宇 /2018-08-01  /清华大学出版社,?62.00,width: 0%;,0条评论
 机器学习:使用OpenCV和Python进行智能图像处理 王磊 译 机械工业出版社 【正版书籍 闪电发货 优质服务 电子发票 放心下单】,王磊 译 /2018-11-01  /机械工业出版社,?69.00,width: 0%;,0条评论
" [正版现货]机器学习:从公理到算法,于剑,清华大学出版社,9787302471363 满5件包邮",于剑 /2017-07-01  /清华大学出版社,?80.16,width: 0%;,0条评论
" 【新华书店rt】机器学习:使用OpenCV和Python进行智能图像处理,王磊 译,机械工业出版社, 97871116 ",王磊 译 /2018-11-01  /机械工业出版社,?63.42,width: 0%;,0条评论
 【新华书店】机器学习与R语言 9787111491576 [美] Brett Lantz 著，李洪成，许金炜，李舰 译 正版现货 满5件包邮,[美] Brett Lantz 著，李洪成，许金炜，李舰 译 /2015-04-01  /机械工业出版社,?62.33,width: 0%;,0条评论
" 机器学习实践指南,[英]阿图尔?特里帕蒂（AtulTripathi）,王?床芙ㄑ?,机械工业出版社,9787111592 [正版书籍,放心购买]","[英]阿图尔?特里帕蒂（AtulTripathi）,王?床芙ㄑ? /2018-04-01  /机械工业出版社",?64.31,width: 0%;,0条评论
 机器学习与大数据技术,牟少敏 /2018-08-01  /人民邮电出版社,?29.99,width: 100%;,46条评论
 机器学习及应用(在线实验+在线自测),李克清 时允田 /2019-05-01  /人民邮电出版社有限公司,?30.90,width: 0%;,3条评论
" Spark MLlib机器学习实践（第2版） Spark MLlib机器学习案例精彩讲解,让您轻松掌握",王晓华 /2017-03-01  /清华大学出版社,?22.10,width: 100%;,252条评论
 机器学习案例实战,赵卫东  /人民邮电出版社有限公司,?37.20,width: 0%;,14条评论
 人工智能开发实践：云端机器学习导论（英文版） 讲解Amazon、Google和Microsoft公司的强大云服务产品，以及如何运用它们构建云端机器学习应用程序。,Noah Gift[美]挪亚?吉夫特 /2020-05-10  /机械工业出版社,?54.50,width: 0%;,7条评论
 机器学习与数据科学 基于R的统计学习方法(异步图书),（美）Daniel D. Gutierrez 古铁雷斯 /2017-05-01  /人民邮电出版社,?14.99,width: 0%;,22条评论
 机器学习系统设计：Python语言实现,（美）戴维?朱利安（David Julian） /2017-05-01  /机械工业出版社,?25.00,width: 100%;,57条评论
 机器学习方法,蒋艳凰 /2009-08-01  /电子工业出版社,?15.60,width: 0%;,0条评论
 Python机器学习 硅谷热门技术图书，Amazon广泛好评，Python机器学习入门*,（美）塞巴斯蒂安?拉施卡（Sebastian Raschka） /2017-03-14  /机械工业出版社,?62.40,width: 90%;,1328条评论
 精通Java机器学习（影印版） ,Uday Kamath /2018-10-01  /东南大学出版社,?85.30,width: 0%;,13条评论
 Python机器学习入门（影印版） ,(美)安德烈亚斯?穆勒//莎拉?圭多 /2017-01-01  /东南大学出版社,?70.30,width: 100%;,185条评论
 Python机器学习（影印版） ,(美)塞巴斯蒂安?拉什卡 /2017-05-01  /东南大学出版社,?68.70,width: 90%;,101条评论
 白话机器学习的数学 Python机器学习AI人人工智能入门教程 深度学习算法大数据挖掘教程 机器学习 ,[日]立石贤吾 /2020-06-25  /人民邮电出版社,?46.00,width: 0%;,1条评论
 机器学习算法(原书第2版),（意）朱塞佩?博纳科尔索（Giuseppe Bonaccorso）  /机械工业出版社,?64.35,width: 0%;,7条评论
 大数据分析师权威教程 机器学习、大数据分析和可视化 ,Wrox国际IT认证项目组 /2017-07-01  /人民邮电出版社,?53.00,width: 90%;,749条评论
 Python项目案例开发从入门到实战DD爬虫、游戏和机器学习 600分钟视频讲解，案例涉及爬虫、游戏、机器学习、深度学习,郑秋生、夏敏捷、宋宝卫、李娟 /2018-12-05  /清华大学出版社,?35.90,width: 100%;,1181条评论
 机器学习实战：基于Sophon平台的机器学习理论与实践,星环科技人工智能平台团队  /机械工业出版社,?51.35,width: 0%;,5条评论
 Python 3 数据分析与机器学习实战 一本真正全景式讲透Python 3理论、技术与项目实战的图书。29个大型真实项目案例，94节同步微视频讲解，30小时Python 3语法教学视频,龙马高新教育 /2018-08-15  /北京大学出版社,?53.40,width: 100%;,1026条评论
 百面机器学习 算法工程师带你去面试 程序员面试宝典人工智能ai机器学习深度学习入门计算机编程图书趣学算法 人工智能时代程序员不可不读机器学习面试宝典 微软副总裁沈向洋 浪潮之巅 数学之美作者吴军 计算广告作者刘鹏 联袂推荐,诸葛越 葫芦娃 /2018-08-01  /人民邮电出版社,?87.22,width: 100%;,127条评论
 Spark MLlib机器学习：算法、源码及实战详解 ,黄美灵 著 /2016-03-01  /电子工业出版社,?54.50,width: 90%;,1081条评论
 人工智能开发丛书--数据挖掘与机器学习：PMML建模（下） 当前国内独一关于数据挖掘和机器学习语言PMML的图书,潘风文，黄春芳 著 /2020-09-01  /化学工业出版社,?49.50,width: 0%;,1条评论
 机器学习方法在磷酸铝分子筛定向合成中的应用(仅适用PC阅读),齐妙 /2013-11-01  /清华大学出版社,?22.99,width: 100%;,1条评论
 机器学习实践指南：案例应用解析,麦好 /2014-04-01  /机械工业出版社,?23.15,width: 0%;,10条评论
 机器学习及其应用2017,"高阳,陈松灿 /2017-11-01  /清华大学出版社",?25.99,width: 100%;,5条评论
" 机器学习从认知到实践(第2辑)(套装共3册,Python+TensorFlow)","（美） Alexander T. Combs,（阿根廷）Rodolfo Bonnin,李嘉璇 /2017-01-01  /人民邮电出版社",?135.99,width: 0%;,22条评论
 机器学习实践指南：案例应用解析（第2版）,麦好 /2016-07-01  /机械工业出版社,?54.94,width: 100%;,13条评论
 机器学习实践应用,李博 /2017-07-01  /人民邮电出版社,?28.99,width: 0%;,29条评论
 机器学习及其应用2013(仅适用PC阅读),"张长水,杨强 /2013-10-01  /清华大学出版社",?21.99,width: 90%;,7条评论
 机器学习与R语言实战,丘?v玮 /2016-04-01  /机械工业出版社,?25.00,width: 90%;,16条评论
" 机器学习从认知到实践(第1辑)(套装共3册,Python+R)","（美）Alexander T. Combs,（美）鲍尔斯 著,（美）威利 /2017-01-01  /人民邮电出版社",?149.99,width: 100%;,8条评论
 决策用强化与系统性机器学习 侧重机器学习和系统性机器学习。,[ 印度 ]巴拉格?库尔卡尼（Parag Kulkarni） /2015-07-01  /机械工业出版社,?62.40,width: 80%;,109条评论
" 实用机器学习 Henrik Brink, Joseph W. Richards, Mark Fetherolf机械工业 正版现货，有问题请联系在线客服！","Henrik Brink, Joseph W. Richar /2017-06-01  /机械工业出版社",?74.85,width: 0%;,0条评论
 【新华书店】精通机器学习 基于R 第2版[美]考瑞?莱斯米斯特尔9787115477781 【新华书店，全新正版书籍，品质保障】,[美]考瑞?莱斯米斯特尔 /2018-03-01  /人民邮电出版社,?57.95,width: 0%;,0条评论
" 实用机器学习 Henrik Brink, Joseph W. Richards, Mark Fetherolf 机械工 【正版图书 质量保证 下单速发 可开发票】","Henrik Brink, Joseph W. Richards, Mark /2017-06-01  /机械工业出版社",?31.00,width: 0%;,0条评论
" 实用机器学习 Henrik Brink, Joseph W. Richards, Mark Fetherolf 978 ","Henrik Brink, Joseph W. Richar /2017-06-01  /机械工业出版社",?61.00,width: 0%;,0条评论
 精通机器学习 基于R 第2版 考瑞?莱斯米斯特尔 人民邮电出版社 9787115477781 正版书籍！好评联系客服有优惠！谢谢！,[美]考瑞?莱斯米斯特尔 /2018-03-01  /人民邮电出版社,?49.00,width: 0%;,2条评论
 精通机器学习:基于R(第2版)【新华书店 品质担当】 评价有礼 部分书籍满88包邮 全国就近发货 85%城市次日送达！,[美]考瑞?莱斯米斯特尔 /2018-03-01  /人民邮电出版社,?63.50,width: 0%;,0条评论
" 基于机器学习算法的分类知识发现及其在文本分析中的应用祁瑞华 著清华大学出版社【直发】 【保证正版,可开发票,发货特快】",祁瑞华 著 /2000-01-01  /清华大学出版社,?59.65,width: 0%;,0条评论
 基于机器学习算法的分类知识发现及其在文本分析中的应用祁瑞华 著清华大学出版社9787302415763【直发】 新华品质 评价有礼 全国多仓就近发货 85%城市次日送达！,祁瑞华 /2015-12-01  /清华大学出版社,?57.23,width: 0%;,0条评论
" 实用机器学习9787111569220 Henrik Brink, Joseph W. Richards, Mark 请注意售价高于定价，正常48小时内发货，提供发票，收到书籍后有任何问题联系在线客服或致电13581544457","Henrik Brink, Joseph W. Richar /2017-06-01  /机械工业出版社",?53.43,width: 0%;,0条评论
 基于机器学习算法的分类知识发现及其在文本分析中的应用9787302415763清华大学出版社【直发】 ,祁瑞华 著 /2000-01-01  /清华大学出版社,?60.53,width: 0%;,0条评论
 美团机器学习实践 美团点评算法技术人工智能技术 O2O服务平台 互联网企业机器学习算法应用 AI算法工程师业务培训f教 ,无 /2020-05-25  /人民邮电出版社,?53.98,width: 0%;,0条评论
 基于机器学习算法的分类知识发现及其在文本分析中的应用祁瑞华 著清华大学出版社9787302415763[正版图书]【正 ,祁瑞华 著 /2000-01-01  /清华大学出版社,?55.00,width: 0%;,0条评论
 【新华书店】精通机器学习 基于R 第2版 9787115477781 [美]考瑞?莱斯米斯特尔 人民邮电出版社 正版现货 满5件包邮,[美]考瑞?莱斯米斯特尔 /2018-03-01  /人民邮电出版社,?62.33,width: 0%;,0条评论
 基于机器学习算法的分类知识发现及其在文本分析中的应用9787302415763祁瑞华 著清华大学出版社97873024 ,祁瑞华 著 /2000-01-01  /清华大学出版社,?59.53,width: 0%;,0条评论
" 【新华书店】白话机器学习算法,[新加坡] 黄莉婷 苏川集,人民邮电出版社, 9787115506641 ",[新加坡] 黄莉婷 苏川集 /2019-02-01  /人民邮电出版社,?44.33,width: 0%;,0条评论
" 实用机器学习 Henrik Brink, Joseph W. Richards, Mark Fetherolf 978 【正版品好 可开发票 支持退货 多买优惠】请看详情，有问题咨询在线客服或者电话联系我们！","Henrik Brink, Joseph W. Richards, Mark /2017-06-01  /机械工业出版社",?68.00,width: 0%;,0条评论
 基于机器学习算法的分类知识发现及其在文本分析中的应用 祁瑞华 清华大学出版社【正版书籍 选购无忧】 全店满89随机赠送图书一本！（详问客服）,祁瑞华 /2015-12-01  /清华大学出版社,?63.00,width: 0%;,0条评论
 基于机器学习算法的分类知识发现及其在文本分析中的应用 祁瑞华 清华大学出版社 9787302415763 【正版图书，质量保证，可开发票，放心购买】,祁瑞华 /2015-12-01  /清华大学出版社,?27.00,width: 0%;,0条评论
 基于机器学习算法的分类知识发现及其在文本分析中的应用 祁瑞华 （有问题请联系客服）,祁瑞华 /2015-12-01  /清华大学出版社,?67.50,width: 0%;,0条评论
" 实用机器学习 Henrik Brink, Joseph W. Richards, Mark Fetherolf 机械工 【正版书籍 闪电发货 优质服务 电子发票 放心下单】","Henrik Brink, Joseph W. Richar /2017-06-01  /机械工业出版社",?69.00,width: 0%;,0条评论
 基于机器学习算法的分类知识发现及其在文本分析中的应用清华大学出版社祁瑞华 著【急速发货】 ,祁瑞华 著 /2000-01-01  /清华大学出版社,?59.62,width: 0%;,0条评论
 基于机器学习算法的分类知识发现及其在文本分析中的应用9787302415763清华大学出版社祁瑞华 著【活动秒杀】 ,祁瑞华 著 /2000-01-01  /清华大学出版社,?59.68,width: 0%;,0条评论
 【正版包邮】随机送书签- 实用机器学习 苏尼拉?格拉普蒂（Sunila Gollapudi） 著，张世武 译 9787 此书为正版图书，正常48小时内发货，提供发票，请放心购买，团购量大请联系在线客服或15671107107,苏尼拉?格拉普蒂（Sunila Gollapudi） 著，张 /2018-06-01  /机械工业出版社,?85.35,width: 0%;,0条评论
 图解机器学习 日本 杉山将 图解机器入门指南 图解机器 计算机书籍 matlab基础入门 程序设计基础知识 算法入门基 ,杉山将 /2019-09-30  /人民邮电出版社,?47.00,width: 0%;,0条评论
" 实用机器学习 Henrik Brink, Joseph W. Richards, Mark Fetherolf 机械工 【正版现货 可开发票 下单即发】请看详情，有问题咨询在线客服或者电话联系我们！","Henrik Brink, Joseph W. Richards, Mark /2017-06-01  /机械工业出版社",?69.00,width: 0%;,0条评论
 白话机器学习的数学 Python机器学习实战算法神经网络与机器学习人人工智能入门教程深度学习算法大数据挖掘程序设计 ,[日]立石贤吾 /2020-06-01  /人民邮电出版社,?47.00,width: 0%;,0条评论
" [正版现货]白话机器学习算法,(新加坡)黄莉婷,(新加坡)苏川集,人民邮电出版社,9787115506641 满5件包邮","(新加坡)黄莉婷,(新加坡)苏川集 /2019-02-01  /人民邮电出版社",?49.16,width: 0%;,0条评论
" 白话机器学习算法 (新加坡)黄莉婷,(新加坡)苏川集人民邮电出版社9787115506641FX 正版图书，可开发票。","(新加坡)黄莉婷,(新加坡)苏川集 /2019-02-01  /人民邮电出版社",?57.90,width: 0%;,0条评论
" 白话机器学习算法 (新加坡)黄莉婷,(新加坡)苏川集人民邮电出版社9787115506641 正版书籍，放心下单。","(新加坡)黄莉婷,(新加坡)苏川集 /2019-02-01  /人民邮电出版社",?47.85,width: 0%;,0条评论
" 精通机器学习 基于R 第2版,考瑞?莱斯米斯特尔,人民邮电出版社【正版图书 放心购 】 海量好书 达额立减 售后无忧",[美]考瑞?莱斯米斯特尔 /2018-03-01  /人民邮电出版社,?67.52,width: 0%;,0条评论
" 实用机器学习 苏尼拉?格拉普蒂（SunilaGollapudi）著,张世武 机械工业出版社 9787111598886 ","苏尼拉?格拉普蒂（SunilaGollapudi）著,张世武 /2018-06-01  /机械工业出版社",?158.40,width: 0%;,0条评论
" 【新华书店,正品】精通机器学习 基于R 第2版,人民邮电出版社 【全国多仓就近发货，下单即发，速度保障】",[美]考瑞?莱斯米斯特尔 /2018-03-01  /人民邮电出版社,?60.02,width: 0%;,0条评论
 精通机器学习 基于R 第2版 [美]考瑞?莱斯米斯特尔 人民邮电出版社 9787115477781 新书店购书无忧有保障！,[美]考瑞?莱斯米斯特尔 /2018-03-01  /人民邮电出版社,?69.00,width: 0%;,0条评论
 精通机器学习：基于R [美] 考瑞?莱斯米斯特尔 著，陈光欣 译 9787115477781 ,[美] 考瑞?莱斯米斯特尔 著，陈光欣 译 /2018-03-01  /人民邮电出版社,?79.00,width: 0%;,0条评论
 基于机器学习算法的分类知识发现及其在文本分析中的应用清华大学出版社9787302415763【直发】 正版保障 达额立减 闪电发货 80%城市次日达！,祁瑞华 著 /2000-01-01  /清华大学出版社,?59.36,width: 0%;,0条评论
" 【正版现货】实用机器学习 Henrik Brink, Joseph W. Richards, Mark 9787111 正版图书质量 保证七天无理由退货让您购物无忧 全场五件起包邮 70%城市次日达","Henrik Brink, Joseph W. Richards, Mark /2017-06-01  /机械工业出版社",?69.28,width: 0%;,0条评论
" 实用机器学习 苏尼拉?格拉普蒂（SunilaGollapudi）著,张世武 机械工业出版社 正版现货，有问题请联系在线客服！","苏尼拉?格拉普蒂（SunilaGollapudi）著,张世武 /2018-06-01  /机械工业出版社",?73.00,width: 0%;,0条评论
" 【全新正版】实用机器学习 Henrik Brink, Joseph W. Richards, Mark Fethero ","Henrik Brink, Joseph W. Richards, Mark /2017-06-01  /机械工业出版社",?68.38,width: 0%;,0条评论
 基于机器学习算法的分类知识发现及其在文本分析中的应用祁瑞华 著清华大学出版社9787302415763【质量保证】 ,祁瑞华 著 /2000-01-01  /清华大学出版社,?55.31,width: 0%;,0条评论
 实用机器学习 苏尼拉?格拉普蒂（SunilaGollapudi）著，张世武 译 机械工业出版社【正版图书，售后无忧，放 保证正版现货图书，放心购买，有任何问题及时联系在线客服!,苏尼拉?格拉普蒂（SunilaGollapudi）著，张世武 /2018-06-01  /机械工业出版社,?64.81,width: 0%;,0条评论
 基于机器学习算法的分类知识发现及其在文本分析中的应用祁瑞华 著9787302415763【限时秒杀】 ,祁瑞华 著 /2000-01-01  /清华大学出版社,?60.10,width: 0%;,0条评论
 精通机器学习 基于R 第2版 [美]考瑞?莱斯米斯特尔人民邮电出版社 因书籍批量采集上架，套装书籍默认为其中一本。,[美]考瑞?莱斯米斯特尔 /2018-03-01  /人民邮电出版社,?67.35,width: 0%;,0条评论
" 白话机器学习算法 (新加坡)黄莉婷,(新加坡)苏川集 (有问题联系在线客服）","(新加坡)黄莉婷,(新加坡)苏川集 /2019-02-01  /人民邮电出版社",?46.10,width: 0%;,0条评论
 精通机器学习 基于R 第2版 [美]考瑞?莱斯米斯特尔 人民邮电出版社 正版书籍，放心下单,[美] 考瑞?莱斯米斯特尔 著，陈光欣 译 /2018-03-01  /人民邮电出版社,?53.00,width: 0%;,0条评论
 基于机器学习算法的分类知识发现及其在文本分析中的应用祁瑞华 著清华大学出版社【下单即发】 ,祁瑞华 著 /2000-01-01  /清华大学出版社,?58.45,width: 0%;,0条评论
 实用机器学习 苏尼拉?格拉普蒂（SunilaGollapudi）著，张世武 译 9787111598886 机械工业出 正版书籍，放心下单！,苏尼拉?格拉普蒂（SunilaGollapudi）著，张世武 /2018-06-01  /机械工业出版社,?254.00,width: 0%;,0条评论
 实用机器学习 【正版书籍，有问题请随时联系在线客服】(支持7天无理由退货！！),"Henrik Brink, Joseph W. Richards, Mark /2017-06-01  /机械工业出版社",?40.00,width: 0%;,0条评论
 精通机器学习 基于R 第2版[美]考瑞?莱斯米斯特尔人民邮电出版社9787115477781 新书店购书无忧有保障！,[美]考瑞?莱斯米斯特尔 /2018-03-01  /人民邮电出版社,?61.00,width: 0%;,0条评论
" 实用机器学习,Henrik Brink, Joseph W. Richards, Mark Fetherolf,机械工 [正版书籍,放心购买]","Henrik Brink, Joseph W. Richards, Mark /2017-06-01  /机械工业出版社",?33.81,width: 0%;,0条评论
 实用机器学习 机械工业出版社 [有问题请联系在线客服],"Henrik Brink, Joseph W. Richar /2017-06-01  /机械工业出版社",?36.50,width: 0%;,0条评论
 统计机器学习-误差分析与应用 陈洪 9787307194267 武汉大学出版社 【正版现货 可开发票 下单即发】请看详情，有问题咨询在线客服或者电话联系我们！,陈洪 /2017-08-01  /武汉大学出版社,?30.00,width: 0%;,0条评论
 实用机器学习 苏尼拉?格拉普蒂（SunilaGollapudi）著，张世武 译 (有问题联系在线客服）,苏尼拉?格拉普蒂（SunilaGollapudi）著，张世武 /2018-06-01  /机械工业出版社,?63.00,width: 0%;,0条评论
 基于机器学习算法的分类知识发现及其在文本分析中的应用祁瑞华 著9787302415763清华大学出版社【直发】 ,祁瑞华 著 /2000-01-01  /清华大学出版社,?54.75,width: 0%;,0条评论
" 白话机器学习算法 (新加坡)黄莉婷,(新加坡)苏川集 9787115506641 ","(新加坡)黄莉婷,(新加坡)苏川集 /2019-02-01  /人民邮电出版社",?45.42,width: 0%;,0条评论
 实用机器学习 苏尼拉?格拉普蒂（SunilaGollapudi）著，张世武 译机械工业出版社 正版现货，有问题请联系在线客服！,苏尼拉?格拉普蒂（SunilaGollapudi）著，张世武 /2018-06-01  /机械工业出版社,?85.05,width: 0%;,0条评论
" 实用机器学习 Henrik Brink, Joseph W. Richards, Mark 9787111569220 ","Henrik Brink, Joseph W. Richards, Mark /2017-06-01  /机械工业出版社",?40.02,width: 0%;,0条评论
" 【正版全新直发】实用机器学习 Henrik Brink, Joseph W. Richards, Mark 97871 全店商品满3件包邮","Henrik Brink, Joseph W. Richards, Mark /2017-06-01  /机械工业出版社",?68.98,width: 0%;,0条评论
" 【新华书店】实用机器学习 9787111569220 Henrik Brink, Joseph W. Richards 正版现货 满5件包邮","Henrik Brink, Joseph W. Richar /2017-06-01  /机械工业出版社",?62.33,width: 0%;,0条评论
 精通机器学习 基于R 第2版 [美]考瑞?莱斯米斯特尔 人民邮电出版社 9787115477781 【正版品好 可开发票 支持退货 多买优惠】请看详情，有问题咨询在线客服或者电话联系我们！,[美]考瑞?莱斯米斯特尔 /2018-03-01  /人民邮电出版社,?68.00,width: 0%;,0条评论
 精通机器学习 基于R 第2版 [美]考瑞?莱斯米斯特尔 新书店，多仓发货，购书无忧有保障！,[美]考瑞?莱斯米斯特尔 /2018-03-01  /人民邮电出版社,?66.00,width: 0%;,0条评论
 实用机器学习【新华书店 品质担当】 评价有礼 部分书籍满88包邮 全国就近发货 85%城市次日送达！,"Henrik Brink, Joseph W. Richards, Mark /2017-06-01  /机械工业出版社",?63.50,width: 0%;,0条评论
" 【正版现货】白话机器学习算法9787115506641 (新加坡)黄莉婷,(新加坡)苏川集 人民邮电出版社 此书为正版图书，正常48小时内发货，提供发票，请放心购买，团购量大请联系在线客服或15671107107","(新加坡)黄莉婷,(新加坡)苏川集 /2019-02-01  /人民邮电出版社",?49.39,width: 0%;,0条评论
 TensorFlow机器学习实战指南 TensorFlow,[美]尼克?麦克卢尔（Nick McClure） /2017-09-20  /机械工业出版社,?54.50,width: 100%;,667条评论
 包邮 机器学习：使用OpenCV和Python进行智能图像处理|8053731 ,[美]迈克尔?贝耶勒（Michael Beyeler） /2018-11-05  /机械工业出版社,?44.90,width: 100%;,3条评论
 Python金融大数据风控建模实战：基于机器学习 结合机器学习算法实战信用评分卡模型的构建，手把手带领读者零门槛学习金融大数据风控建模的全流程,王青天 孔越 /2020-06-12  /机械工业出版社,?83.20,width: 100%;,57条评论
 百面深度学习 算法工程师带你去面试 机器学习算法面试宝典剑指offer 人工智 ,诸葛越 江云胜 /2020-07-01  /人民邮电出版社,?97.02,width: 100%;,101条评论
 商业数据科学：数据价值与机器学习实战 一本通俗易懂的商业数据书籍,张诚 张琦 /2019-02-18  /机械工业出版社,?41.20,width: 100%;,108条评论
 深入理解AutoML和AutoDL：构建自动化机器学习与深度学习平台 资深联邦学习专家撰写，腾讯、阿里、微众银行、字节跳动、浙江大学、新智元等企业界、学术界、媒体界的8位资深专家联袂推荐；从基础理论、核心原理、前沿算法等多个维度全面解读AutoML、AutoDL和元学习,王健宗，瞿晓阳 著 /2019-08-30  /机械工业出版社,?69.20,width: 100%;,628条评论
 实用机器学习,"孙亮,黄倩 /2017-05-01  /人民邮电出版社",?22.99,width: 0%;,24条评论
 【按需印刷】-生物信息学中的机器学习分析方法 按需印刷商品，发货时间20个工作日，非质量问题不接受退换货。,"王雪松,程玉虎,张林 /2016-03-01  /科学出版社",?69.00,width: 100%;,31条评论
 同济博士论丛DD基于机器学习的蛋白质相互作用与功能预测 ,邓磊/关佶红 /2018-05-16  /同济大学出版社,?58.40,width: 0%;,15条评论
 基于免疫计算的机器学习方法及应用 ,徐雪松 著 /2017-08-01  /电子工业出版社,?33.80,width: 0%;,31条评论
 多维粒子群优化在机器学习与模式识别中的应用 ,"彭鹏菲,董银文,龚立 /2017-09-01  /国防工业出版社",?81.20,width: 100%;,28条评论
 微软Azure机器学习实战手册 ,【美】千贺大司 山本和贵 大泽文孝 著 /2017-11-01  /中国人民大学出版社,?50.30,width: 100%;,58条评论
 Python聊天机器人开发：基于自然语言处理与机器学习 ChatBot极简入门|高度定制化|高度智能化|一站到底的完整实战|全线覆盖的知识体系,（印）Sumit Raj（苏米特?拉杰） /2020-05-01  /电子工业出版社,?30.70,width: 100%;,104条评论
 快乐机器学习,王圣元  /电子工业出版社,?83.30,width: 0%;,1条评论
 人工智能开发丛书--数据挖掘与机器学习：PMML建模（上） 数据挖掘 机器学习 PMML 建模 人工智能 预测模型标记语言,潘风文，黄春芳 著 /2020-02-01  /化学工业出版社,?47.50,width: 0%;,16条评论
 终极算法：机器学习和人工智能如何重塑世界,（美）佩德罗?多明戈斯 /2014-01-23  /中信出版社,?19.99,width: 100%;,1702条评论
" Python+Spark 2.0+Hadoop机器学习与大数据实战 浅显易懂的原理介绍加上Step by Step 实机操作、范例程序详细解说,实现降低机器学习与大数据技术的学习门槛",林大贵 /2018-01-01  /清华大学出版社,?44.60,width: 80%;,1258条评论
 Java机器学习,（斯洛文尼亚）博思蒂安?卡鲁扎（Botjan Kalua） /2017-09-01  /人民邮电出版社,?24.99,width: 0%;,26条评论
 人脸识别与美颜算法实战：基于Python 机器学习与深度学习 【资深AI图像处理工程师力作！腾讯PCG光影研究室负责人傅斌等推荐！60余个实例详解人脸图像处理的算法原理、工具、框架和方法，以及从传统视频图像处理到机器学习与深度学习人脸图像处理】,方圆圆 /2020-04-10  /机械工业出版社,?69.20,width: 80%;,207条评论
 跟着迪哥学Python数据分析与机器学习实战 Python数据分析数据挖掘与机器学习深度学习基础入门实战教程 人气Python视频课程讲师多年经验汇总 30万学员共同的选择,唐宇迪 /2019-09-01  /人民邮电出版社,?62.70,width: 80%;,306条评论
 Java机器学习,"（美）乌黛?卡马特（Uday Kamath）,（美）克里希纳?肖佩拉（Krishna Choppella） /2018-09-01  /机械工业出版社",?45.00,width: 100%;,60条评论
 基于机器学习算法的分类知识发现及其在文本分析中的应用,祁瑞华 /2015-12-01  /清华大学出版社,?20.41,width: 0%;,8条评论
 基于机器学习的数据缺失值填补：理论与方法,"赖晓晨,张立勇,刘辉,吴霞  /机械工业出版社",?51.35,width: 0%;,0条评论
 TensorFlow深度学习算法原理与编程实战 人工智能机器学习技术丛书 机器学习宝典 TensorFlow速查大全 80个代码案例 可以拿来就用200多张图片 助你快速理解算法核心 囊括神经网络 深度强化学习 可视化 加速计算等内容,蒋子阳 /2019-01-01  /水利水电出版社,?49.40,width: 90%;,4154条评论
 R语言机器学习 第2版(影印版) (美)布雷特?兰茨 东南大学出版社 【正版图书 质量保证 下单速发 可开发票】,(美)布雷特?兰茨 /2017-04-01  /东南大学出版社,?71.00,width: 0%;,0条评论
" 正版图书 R语言机器学习(原书第2版) [印度]卡西克?拉玛苏布兰马尼安（KarthikPamasubra 【正版书籍,可开发票,有问题联系在线客服】",[印度]卡西克?拉玛苏布兰马尼安（KarthikPamasubra /2020-01-01  /机械工业出版社,?109.40,width: 0%;,0条评论
" R语言机器学习参考手册Yu-Wei、Chiu 著东南大学出版社9787564160630[正版保证,可开发票]【直发】 ",Yu-Wei、Chiu 著 /2000-01-01  /东南大学出版社,?26.87,width: 0%;,0条评论
 R语言机器学习参考手册Yu-Wei、Chiu 著东南大学出版社9787564160630【直发】 ,Yu-Wei、Chiu 著 /2000-01-01  /东南大学出版社,?27.30,width: 0%;,0条评论
" R语言机器学习:实用案例分析 [印]拉格哈夫?巴利(Raghav Bali),迪潘简?撒卡尔 机械工业出版社 【正版图书 下单请看详情 可开发票】","[印]拉格哈夫?巴利(Raghav Bali),迪潘简?撒卡尔 /2017-06-01  /机械工业出版社",?60.26,width: 0%;,0条评论
